WarNum;WarName;WarType;SideA;SIDE;Intnl;StartMonth1;StartDay1;StartYear1;EndMonth1;EndDay1;EndYear1;StartMonth2;StartDay2;StartYear2;EndMonth2;EndDay2;EndYear2;TransFrom;WhereFought;Initiator;Outcome;TransTo;SideADeaths;Version
500;First Caucasus;5;Georgians, Dhagestania, Chechens;2;0;6;10;1818;-9;-9;1822;-8;-8;-8;-8;-8;-8;-8;2;Chechens;1;-8;6000;41
500;First Caucasus;5;Russia;1;0;6;10;1818;-9;-9;1822;-8;-8;-8;-8;-8;-8;-8;2;Chechens;1;-8;5000;41
501;Sidon-Damascus;6;Damascus & Aleppo;2;0;6;-9;1820;7;21;1821;-8;-8;-8;-8;-8;-8;-8;6;Sidon;2;-8;-9;41
501;Sidon-Damascus;6;Sidon;1;0;6;-9;1820;7;21;1821;-8;-8;-8;-8;-8;-8;-8;6;Sidon;2;-8;-9;41
502;First Two Sicilies;4;Austria;1;1;3;-9;1821;3;23;1821;-8;-8;-8;-8;-8;-8;-8;2;Liberals;1;-8;-9;41
502;First Two Sicilies;4;Liberals;2;1;7;2;1820;3;23;1821;-8;-8;-8;-8;-8;-8;-8;2;Liberals;1;-8;-9;41
502;First Two Sicilies;4;Two Sicilies;1;1;7;2;1820;3;23;1821;-8;-8;-8;-8;-8;-8;-8;2;Liberals;1;-8;-9;41
503;Spanish Royalists;4;Royalists;2;0;12;1;1821;4;6;1823;-8;-8;-8;-8;-8;-8;-8;2;Royalists;4;1;-9;41
503;Spanish Royalists;4;Spain;1;0;12;1;1821;4;6;1823;-8;-8;-8;-8;-8;-8;-8;2;Royalists;4;1;-9;41
505;Sardinian Revolt;4;Austria;1;1;3;10;1821;5;8;1821;-8;-8;-8;-8;-8;-8;-8;2;Carbonari;1;-8;-9;41
505;Sardinian Revolt;4;Sardinia;2;1;3;10;1821;5;8;1821;-8;-8;-8;-8;-8;-8;-8;2;Carbonari;1;-8;-9;41
505;Sardinian Revolt;4;Sardinia;1;1;3;10;1821;5;8;1821;-8;-8;-8;-8;-8;-8;-8;2;Carbonari;1;-8;-9;41
506;Greek Independence;5;Greeks;2;1;3;25;1821;4;25;1828;-8;-8;-8;-8;-8;-8;-8;2;Greeks;4;4;3000;41
506;Greek Independence;5;Ottoman Empire;1;1;3;25;1821;4;25;1828;-8;-8;-8;-8;-8;-8;-8;2;Greeks;4;4;6000;41
506;Greek Independence;5;United Kingdom;2;1;10;20;1827;10;27;1827;-8;-8;-8;-8;-8;-8;-8;2;Greeks;4;4;80;41
506;Greek Independence;5;France;2;1;10;20;1827;10;27;1827;-8;-8;-8;-8;-8;-8;-8;2;Greeks;4;4;40;41
506;Greek Independence;5;Russia;2;1;10;20;1827;4;25;1828;-8;-8;-8;-8;-8;-8;-8;2;Greeks;4;4;60;41
507;Egypt-Mehdi;6;Mehdi army;2;0;3;20;1824;4;-9;1824;-8;-8;-8;-8;-8;-8;-8;6;Mehdi army;1;-8;-9;41
507;Egypt-Mehdi;6;Egypt;1;0;3;20;1824;4;-9;1824;-8;-8;-8;-8;-8;-8;-8;6;Mehdi army;1;-8;-9;41
508;Janissari Revolt;4;Janissaries;2;0;6;14;1826;9;30;1826;-8;-8;-8;-8;-8;-8;-8;6;Janissaries;1;-8;6000;41
508;Janissari Revolt;4;Ottoman Empire;1;0;6;14;1826;9;30;1826;-8;-8;-8;-8;-8;-8;-8;6;Janissaries;1;-8;300;41
510;Miguelite War;4;United Kingdom;2;1;7;1;1831;5;26;1834;-8;-8;-8;-8;-8;-8;-8;2;Constitutionalists;2;-8;100;41
510;Miguelite War;4;Constitutionalists;2;1;7;11;1828;5;26;1834;-8;-8;-8;-8;-8;-8;-8;2;Constitutionalists;2;-8;8000;41
510;Miguelite War;4;Portugal;1;1;7;11;1828;5;26;1834;-8;-8;-8;-8;-8;-8;-8;2;Constitutionalists;2;-8;12000;41
511;First Murid War;5;Ghazi Muhammad;2;0;-9;-9;1830;10;17;1832;-8;-8;-8;-8;-8;-8;-8;2;Ghazi Muhammad;1;-8;500;41
511;First Murid War;5;Russia;1;0;-9;-9;1830;10;17;1832;-8;-8;-8;-8;-8;-8;-8;2;Ghazi Muhammad;1;-8;1000;41
512;First Albanian Revolt;5;Albanians;2;0;2;-9;1830;11;-9;1831;-8;-8;-8;-8;-8;-8;-8;2;Albanians;1;-8;10;41
512;First Albanian Revolt;5;Ottoman Empire;1;0;2;-9;1830;11;-9;1831;-8;-8;-8;-8;-8;-8;-8;2;Albanians;1;-8;5000;41
513;First French Insurrection;4;Liberals;2;0;7;25;1830;7;29;1830;-8;-8;-8;-8;-8;-8;-8;2;Liberals;2;-8;1800;41
513;First French Insurrection;4;France;1;0;7;25;1830;7;29;1830;-8;-8;-8;-8;-8;-8;-8;2;Liberals;2;-8;400;41
515;Belgian Independence;5;Belgians;2;0;8;25;1830;11;4;1830;-8;-8;-8;-8;-8;-8;-8;2;Belgians;2;-8;600;41
515;Belgian Independence;5;Netherlands;1;0;8;25;1830;11;4;1830;-8;-8;-8;-8;-8;-8;-8;2;Belgians;2;-8;500;41
516;Egyptian Taka Expedition;6;Hadendowa;2;0;-9;-9;1831;-9;-9;1832;-8;-8;-8;-8;-8;-8;-8;6;Egypt;2;-8;-9;41
516;Egyptian Taka Expedition;6;Egypt;1;0;-9;-9;1831;-9;-9;1832;-8;-8;-8;-8;-8;-8;-8;6;Egypt;2;-8;1.5;41
517;First Polish;5;Poles;2;0;2;7;1831;10;18;1831;-8;-8;-8;-8;-8;-8;-8;2;Poles;1;-8;20000;41
517;First Polish;5;Russia;1;0;2;7;1831;10;18;1831;-8;-8;-8;-8;-8;-8;-8;2;Poles;1;-8;15000;41
518;First Syrian;5;Egyptians & Bashir;2;0;10;1;1831;12;27;1832;-8;-8;-8;-8;-8;-8;-8;6;Egyptians;2;-8;4000;41
518;First Syrian;5;Ottoman Empire;1;0;10;1;1831;12;27;1832;-8;-8;-8;-8;-8;-8;-8;6;Egyptians;2;-8;8000;41
520;First Mexican;4;Liberals;2;0;1;2;1832;12;11;1832;-8;-8;-8;-8;-8;-8;-8;1;Liberals;2;-8;-9;41
520;First Mexican;4;Mexico;1;0;1;2;1832;12;11;1832;-8;-8;-8;-8;-8;-8;-8;1;Liberals;2;-8;-9;41
521;Egypt- Palestinian Anti-Conscription Revolt;6;Egypt;2;0;4;19;1834;10;-9;1834;-8;-8;-8;-8;-8;-8;-8;6;Palestinians;2;-8;500;41
521;Egypt- Palestinian Anti-Conscription Revolt;6;Palestinians;1;0;4;19;1834;10;-9;1834;-8;-8;-8;-8;-8;-8;-8;6;Palestinians;2;-8;1500;41
522;First Carlist War;4;Portugal;1;1;10;15;1835;2;15;1836;-8;-8;-8;-8;-8;-8;-8;2;Carlists;1;-8;50;41
522;First Carlist War;4;Carlists;2;1;7;15;1834;7;15;1840;-8;-8;-8;-8;-8;-8;-8;2;Carlists;1;-8;60000;41
522;First Carlist War;4;Spain;1;1;7;15;1834;7;15;1840;-8;-8;-8;-8;-8;-8;-8;2;Carlists;1;-8;65000;41
522;First Carlist War;4;France;1;1;10;31;1835;1;17;1839;-8;-8;-8;-8;-8;-8;-8;2;Carlists;1;-8;7700;41
522;First Carlist War;4;United Kingdom;1;1;7;10;1835;9;1;1837;-8;-8;-8;-8;-8;-8;-8;2;Carlists;1;-8;2500;41
523;Second Murid;5;Shamil;2;0;9;26;1834;10;27;1834;-8;-8;-8;-8;-8;-8;-8;2;Shamil;7;-8;-9;41
523;Second Murid;5;Russia;1;0;9;26;1834;10;27;1834;-8;-8;-8;-8;-8;-8;-8;2;Shamil;7;-8;-9;41
525;Cabanos Revolt;5;Cabanos;2;0;1;6;1835;5;-9;1837;-8;-8;-8;-8;-8;-8;-8;1;Cabanos;1;-8;-9;41
525;Cabanos Revolt;5;Brazil;1;0;1;6;1835;5;-9;1837;-8;-8;-8;-8;-8;-8;-8;1;Cabanos;1;-8;-9;41
526;Farroupilha War;5;Farrapos;2;0;9;19;1835;3;1;1845;-8;-8;-8;-8;-8;-8;-8;1;Farrapos;1;-8;-9;41
526;Farroupilha War;5;Brazil;1;0;9;19;1835;3;1;1845;-8;-8;-8;-8;-8;-8;-8;1;Farrapos;1;-8;-9;41
527;Texan;5;Texans;2;0;10;1;1835;4;22;1836;-8;-8;-8;-8;-8;-8;-8;1;Texans;2;-8;700;41
527;Texan;5;Mexico;1;0;10;1;1835;4;22;1836;-8;-8;-8;-8;-8;-8;-8;1;Texans;2;-8;1500;41
528;First Bosnian;5;Bosnians;2;0;-9;-9;1836;-9;-9;1837;-8;-8;-8;-8;-8;-8;-8;2;Bosnians;1;-8;-9;41
528;First Bosnian;5;Ottoman Empire;1;0;-9;-9;1836;-9;-9;1837;-8;-8;-8;-8;-8;-8;-8;2;Bosnians;1;-8;-9;41
530;Third Murid;5;Shamil;2;0;7;-9;1836;-9;-9;1852;-8;-8;-8;-8;-8;-8;-8;2;Shamil;1;-8;-9;41
530;Third Murid;5;Russia;1;0;7;-9;1836;-9;-9;1852;-8;-8;-8;-8;-8;-8;-8;2;Shamil;1;-8;15000;41
531;Sabinada Rebellion;5;Bahian Sabinada;2;0;11;7;1837;3;13;1838;-8;-8;-8;-8;-8;-8;-8;1;Bahian Sabinada;1;-8;1200;41
531;Sabinada Rebellion;5;Brazil;1;0;11;7;1837;3;13;1838;-8;-8;-8;-8;-8;-8;-8;1;Bahian Sabinada;1;-8;600;41
532;Druze Rebellion;6;Druze;2;0;9;27;1837;8;22;1838;-8;-8;-8;-8;-8;-8;-8;6;Druze;1;-8;-9;41
532;Druze Rebellion;6;Egypt & Bashir;1;0;9;27;1837;8;22;1838;-8;-8;-8;-8;-8;-8;-8;6;Druze;1;-8;15000;41
533;Second Syrian, Phase 1;5;Egypt;2;0;6;10;1839;6;24;1839;-8;-8;-8;-8;-8;-8;-8;6;Mehmet Ali;2;-8;1000;41
533;Second Syrian, Phase 1;5;Ottoman Empire;1;0;6;10;1839;6;24;1839;-8;-8;-8;-8;-8;-8;-8;6;Mehmet Ali;2;-8;2000;41
535;Lebanon Insurgency;6;Amir Bashir & Egypt;2;0;5;27;1840;7;13;1840;-8;-8;-8;-8;-8;-8;-8;6;Amir Bashir & Egypt;2;-8;1000;41
535;Lebanon Insurgency;6;Lebanese Maronites;1;0;5;27;1840;7;13;1840;-8;-8;-8;-8;-8;-8;-8;6;Amir Bashir & Egypt;2;-8;3500;41
536;First Colombian;4;Progressives;2;0;7;15;1840;7;15;1842;-8;-8;-8;-8;-8;-8;-8;1;Progressives;2;-8;-9;41
536;First Colombian;4;Colombia;1;0;7;15;1840;7;15;1842;-8;-8;-8;-8;-8;-8;-8;1;Progressives;2;-8;-9;41
537;Second Syrian, Phase 2;5;United Kingdom;1;1;9;9;1840;11;27;1840;-8;-8;-8;-8;-8;-8;-8;6;United Kingdom;1;-8;14;41
537;Second Syrian, Phase 2;5;Egypt;2;1;9;9;1840;11;27;1840;-8;-8;-8;-8;-8;-8;-8;6;United Kingdom;1;-8;19000;41
537;Second Syrian, Phase 2;5;Ottoman Empire;1;1;9;9;1840;11;27;1840;-8;-8;-8;-8;-8;-8;-8;6;United Kingdom;1;-8;8000;41
538;First Argentina War, Phase 2;4;Unitarios;2;0;1;1;1841;12;6;1842;-8;-8;-8;-8;-8;-8;1527;1;Unitarios;1;-8;3000;41
538;First Argentina War, Phase 2;4;Argentina;1;0;1;1;1841;12;6;1842;-8;-8;-8;-8;-8;-8;1527;1;Unitarios;1;-8;300;41
540;Second Bosnian;5;Bosnians;2;0;-9;-9;1841;-9;-9;1841;-8;-8;-8;-8;-8;-8;-8;2;Bosnians;1;-8;-9;41
540;Second Bosnian;5;Ottoman Empire;1;0;-9;-9;1841;-9;-9;1841;-8;-8;-8;-8;-8;-8;-8;2;Bosnians;1;-8;-9;41
541;Triangular Revolt;4;Military;2;0;9;4;1841;10;6;1841;-8;-8;-8;-8;-8;-8;-8;1;Military;2;-8;-9;41
541;Triangular Revolt;4;Mexico;1;0;9;4;1841;10;6;1841;-8;-8;-8;-8;-8;-8;-8;1;Military;2;-8;-9;41
542;Karbala Revolt;5;Karbala;2;0;12;19;1842;1;13;1843;-8;-8;-8;-8;-8;-8;-8;6;Ottomans;1;-8;3000;41
542;Karbala Revolt;5;Ottoman Empire;1;0;12;19;1842;1;13;1843;-8;-8;-8;-8;-8;-8;-8;6;Ottomans;1;-8;1600;41
543;First Maronite-Druze;7;Druze;2;0;4;30;1845;5;31;1845;-8;-8;-8;-8;-8;-8;-8;6;Maronites;2;-8;1000;41
543;First Maronite-Druze;7;Maronites;1;0;4;30;1845;5;31;1845;-8;-8;-8;-8;-8;-8;-8;6;Maronites;2;-8;2000;41
545;Mayan Caste War, Phase 1;6;Yucutan;2;0;1;15;1847;8;16;1848;-8;-8;-8;-8;-8;-8;-8;1;Mayans;4;553;1800;41
545;Mayan Caste War, Phase 1;6;Mayans;1;0;1;15;1847;8;16;1848;-8;-8;-8;-8;-8;-8;-8;1;Mayans;4;553;-9;41
546;Second Carlist;4;Carlists;2;0;5;15;1847;5;1;1849;-8;-8;-8;-8;-8;-8;-8;2;Carlists;1;-8;7000;41
546;Second Carlist;4;Spain;1;0;5;15;1847;5;1;1849;-8;-8;-8;-8;-8;-8;-8;2;Carlists;1;-8;3000;41
547;Second Two Sicilies;4;Liberals;2;0;1;12;1848;1;27;1848;5;15;1848;5;15;1849;-8;2;Liberals;1;-8;1500;41
547;Second Two Sicilies;4;Two Sicilies;1;0;1;12;1848;1;27;1848;5;15;1848;5;15;1849;-8;2;Liberals;1;-8;1500;41
548;First Venezuelan;4;Paez led Conservatives ;2;0;2;4;1848;8;15;1849;-8;-8;-8;-8;-8;-8;-8;1;Former Pres. Paez;1;-8;1500;41
548;First Venezuelan;4;Venezuela;1;0;2;4;1848;8;15;1849;-8;-8;-8;-8;-8;-8;-8;1;Former Pres. Paez;1;-8;1500;41
550;Viennese Revolt;4;Viennese;2;0;3;13;1848;10;31;1848;-8;-8;-8;-8;-8;-8;-8;2;Viennese;1;-8;3000;41
550;Viennese Revolt;4;Austria;1;0;3;13;1848;10;31;1848;-8;-8;-8;-8;-8;-8;-8;2;Viennese;1;-8;249;41
551;Milan Five Day Revolt;5;Milan;2;0;3;18;1848;3;23;1848;-8;-8;-8;-8;-8;-8;-8;2;Milan;4;10;430;41
551;Milan Five Day Revolt;5;Austria;1;0;3;18;1848;3;23;1848;-8;-8;-8;-8;-8;-8;-8;2;Milan;4;10;600;41
552;Second French Insurrection;4;Radicals;2;0;6;23;1848;6;26;1848;-8;-8;-8;-8;-8;-8;-8;2;Radicals;1;-8;1600;41
552;Second French Insurrection;4;France;1;0;6;23;1848;6;26;1848;-8;-8;-8;-8;-8;-8;-8;2;Radicals;1;-8;1200;41
553;Mayan Caste War, Phase 2;5;Yucatan Maya;2;0;8;17;1848;3;4;1855;-8;-8;-8;-8;-8;-8;545;1;Mexico;1;-8;-9;41
553;Mayan Caste War, Phase 2;5;Mexico;1;0;8;17;1848;3;4;1855;-8;-8;-8;-8;-8;-8;545;1;Mexico;1;-8;-9;41
554;Hungarian;5;Hungary;2;1;9;9;1848;8;13;1849;-8;-8;-8;-8;-8;-8;-8;2;Magyars;1;-8;20000;41
554;Hungarian;5;Austria;1;1;9;9;1848;8;13;1849;-8;-8;-8;-8;-8;-8;-8;2;Magyars;1;-8;46000;41
554;Hungarian;5;Russia;1;1;7;16;1849;8;13;1849;-8;-8;-8;-8;-8;-8;-8;2;Magyars;1;-8;14500;41
555;First Chilean;4;Liberals;2;0;9;5;1851;12;15;1851;-8;-8;-8;-8;-8;-8;-8;1;Liberals;1;-8;2500;41
555;First Chilean;4;Chile;1;0;9;5;1851;12;15;1851;-8;-8;-8;-8;-8;-8;-8;1;Liberals;1;-8;1500;41
556;First Turco-Montenegrin;5;Montenegro & Hercegovina;2;0;12;2;1852;3;13;1853;-8;-8;-8;-8;-8;-8;-8;2;Turkey;2;-8;-9;41
556;First Turco-Montenegrin;5;Ottoman Empire;1;0;12;2;1852;3;13;1853;-8;-8;-8;-8;-8;-8;-8;2;Turkey;2;-8;-9;41
557;First Peru;4;Liberals;2;0;12;21;1853;1;7;1855;-8;-8;-8;-8;-8;-8;-8;1;Liberals;2;-8;-9;41
557;First Peru;4;Peru;1;0;12;21;1853;1;7;1855;-8;-8;-8;-8;-8;-8;-8;1;Liberals;2;-8;-9;41
558;Puebla War;4;Puebla;2;0;12;11;1855;3;21;1856;-8;-8;-8;-8;-8;-8;-8;1;Military;1;-8;3000;41
558;Puebla War;4;Mexico;1;0;12;11;1855;3;21;1856;-8;-8;-8;-8;-8;-8;-8;1;Military;1;-8;600;41
560;Second Peru;4;Conservatives;2;0;10;31;1856;3;7;1858;-8;-8;-8;-8;-8;-8;-8;1;Conservatives;1;-8;-9;41
560;Second Peru;4;Peru;1;0;10;31;1856;3;7;1858;-8;-8;-8;-8;-8;-8;-8;1;Conservatives;1;-8;-9;41
561;Mexican Reform;4;Liberals;2;0;2;15;1858;1;1;1861;-8;-8;-8;-8;-8;-8;-8;1;Liberals;4;-8;-9;41
561;Mexican Reform;4;Mexico;1;0;2;15;1858;1;1;1861;-8;-8;-8;-8;-8;-8;-8;1;Liberals;4;-8;-9;41
562;Second Turco-Montenegrin;5;Montenegrins;2;0;5;4;1858;6;1;1859;-8;-8;-8;-8;-8;-8;-8;2;Montenegrins;2;-8;1400;41
562;Second Turco-Montenegrin;5;Ottoman Empire;1;0;5;4;1858;6;1;1859;-8;-8;-8;-8;-8;-8;-8;2;Montenegrins;2;-8;3000;41
563;Second Venezuelan/Federalist;4;Liberals;2;0;2;1;1859;5;23;1863;-8;-8;-8;-8;-8;-8;-8;1;Liberals;2;-8;5000;41
563;Second Venezuelan/Federalist;4;Venezuela;1;0;2;1;1859;5;23;1863;-8;-8;-8;-8;-8;-8;-8;1;Liberals;2;-8;15000;41
565;Second Colombian;4;Liberals;2;0;5;15;1860;7;18;1861;-8;-8;-8;-8;-8;-8;-8;1;Liberals;2;-8;-9;41
565;Second Colombian;4;Colombia;1;0;5;15;1860;7;18;1861;-8;-8;-8;-8;-8;-8;-8;1;Liberals;2;-8;-9;41
566;Second Maronite-Druze;7;Maronites;2;0;5;26;1860;7;12;1860;-8;-8;-8;-8;-8;-8;-8;6;Maronites;2;-8;1500;41
566;Second Maronite-Druze;7;Maronites;1;0;5;26;1860;7;12;1860;-8;-8;-8;-8;-8;-8;-8;6;Maronites;2;-8;8000;41
567;Taiping Rebellion, Phase 2;4;Taipings;2;1;10;25;1860;2;9;1866;-8;-8;-8;-8;-8;-8;1534;7;Taipings;1;-8;85000;41
567;Taiping Rebellion, Phase 2;4;China;1;1;10;25;1860;2;9;1866;-8;-8;-8;-8;-8;-8;1534;7;Taipings;1;-8;26000;41
567;Taiping Rebellion, Phase 2;4;United Kingdom;1;1;3;1;1862;8;1;1862;-8;-8;-8;-8;-8;-8;1534;7;Taipings;1;-8;25;41
568;Second Nien Revolt;5;Niens;2;0;10;25;1860;8;16;1868;-8;-8;-8;-8;-8;-8;;7;Niens;1;-8;-9;41
568;Second Nien Revolt;5;China;1;0;10;25;1860;8;16;1868;-8;-8;-8;-8;-8;-8;;7;Niens;1;-8;-9;41
570;Miao Revolt Phase 2;5;Miaos;2;0;10;25;1860;5;1;1872;-8;-8;-8;-8;-8;-8;1537;7;Miaos;1;-8;-9;41
570;Miao Revolt Phase 2;5;China;1;0;10;25;1860;5;1;1872;-8;-8;-8;-8;-8;-8;1537;7;Miaos;1;-8;-9;41
571;Panthay Rebellion Phase 2;5;Muslims (Hui);2;0;10;25;1860;12;26;1872;-8;-8;-8;-8;-8;-8;1542;7;Muslims;1;-8;-9;41
571;Panthay Rebellion Phase 2;5;China;1;0;10;25;1860;12;26;1872;-8;-8;-8;-8;-8;-8;1542;7;Muslims;1;-8;-9;41
572;U.S. Civil War;5;Confederacy;2;0;4;10;1861;4;9;1865;-8;-8;-8;-8;-8;-8;-8;1;Confederacy;1;-8;258000;41
572;U.S. Civil War;5;United States of America;1;0;4;10;1861;4;9;1865;-8;-8;-8;-8;-8;-8;-8;1;Confederacy;1;-8;360000;41
573;Third Buenos Aires;5;Buenos Aires;2;0;8;20;1861;12;2;1861;-8;-8;-8;-8;-8;-8;-8;1;Buenos Aires;2;-8;500;41
573;Third Buenos Aires;5;Argentina;1;0;8;20;1861;12;2;1861;-8;-8;-8;-8;-8;-8;-8;1;Buenos Aires;2;-8;500;41
575;Third Turco-Montenegrin;5;Montenegro;2;0;12;-9;1861;8;31;1862;-8;-8;-8;-8;-8;-8;-8;2;Ottoman Empire;3;-8;-9;41
575;Third Turco-Montenegrin;5;Turkey;1;0;12;-9;1861;8;31;1862;-8;-8;-8;-8;-8;-8;-8;2;Ottoman Empire;3;-8;-9;41
576;Tungan Rebellion;5;Muslims  in Sinkiang;2;0;5;-9;1862;10;24;1873;-8;-8;-8;-8;-8;-8;-8;7;Muslims  in Sinkiang;1;-8;-9;41
576;Tungan Rebellion;5;China;1;0;5;-9;1862;10;24;1873;-8;-8;-8;-8;-8;-8;-8;7;Muslims  in Sinkiang;1;-8;-9;41
577;Sioux-Minnesota;6;Settlers & militia;2;0;8;17;1862;9;26;1862;-8;-8;-8;-8;-8;-8;-8;1;Santee Sioux;2;-8;851;41
577;Sioux-Minnesota;6;Santee Sioux;1;0;8;17;1862;9;26;1862;-8;-8;-8;-8;-8;-8;-8;1;Santee Sioux;2;-8;217;41
578;Bolivan Perez Rebellion;4;Gregorio Perez's followers;2;0;9;15;1862;9;15;1862;-8;-8;-8;-8;-8;-8;-8;1;Gregorio Perez;1;-8;-9;41
578;Bolivan Perez Rebellion;4;Boliva;1;0;9;15;1862;9;15;1862;-8;-8;-8;-8;-8;-8;-8;1;Gregorio Perez;1;-8;-9;41
580;Second Polish;5;Poles;2;0;1;22;1863;4;19;1864;-8;-8;-8;-8;-8;-8;-8;2;Poles;1;-8;6500;41
580;Second Polish;5;Russia;1;0;1;22;1863;4;19;1864;-8;-8;-8;-8;-8;-8;-8;2;Poles;1;-8;10000;41
581;Second Argentina;4;Montoneros;2;0;4;2;1863;11;12;1863;-8;-8;-8;-8;-8;-8;-8;1;Montoneros;1;-8;-9;41
581;Second Argentina;4;Argentina;1;0;4;2;1863;11;12;1863;-8;-8;-8;-8;-8;-8;-8;1;Montoneros;1;-8;-9;41
582;Xinjiang Muslim Revolt;5;Russia;1;1;6;24;1871;7;3;1871;-8;-8;-8;-8;-8;-8;-8;7;Muslims;2;-8;-9;41
582;Xinjiang Muslim Revolt;5;Muslims;2;1;7;-9;1864;7;3;1871;-8;-8;-8;-8;-8;-8;-8;7;Muslims;2;-8;-9;41
582;Xinjiang Muslim Revolt;5;China;1;1;7;-9;1864;7;3;1871;-8;-8;-8;-8;-8;-8;-8;7;Muslims;2;-8;-9;41
583;First  Cretan;5;Cretans;2;0;5;29;1866;2;22;1867;-8;-8;-8;-8;-8;-8;-8;2;Cretans;1;-8;-9;41
583;First  Cretan;5;Ottoman Empire;1;0;5;29;1866;2;22;1867;-8;-8;-8;-8;-8;-8;-8;2;Cretans;1;-8;-9;41
585;Yellow Cliff Revolt;5;Zhang Jizhong's followers;2;0;10;-9;1866;10;-91866;;-8;-8;-8;-8;-8;-8;-8;7;Zhang Jizhong;1;-8;-9;41
585;Yellow Cliff Revolt;5;China;1;0;10;-9;1866;10;-91866;;-8;-8;-8;-8;-8;-8;-8;7;Zhang Jizhong;1;-8;-9;41
586;Third Argentina;4;Montoneros;2;0;12;15;1866;10;15;1867;-8;-8;-8;-8;-8;-8;-8;1;Federalists;1;-8;-9;41
586;Third Argentina;4;Argentina;1;0;12;15;1866;10;15;1867;-8;-8;-8;-8;-8;-8;-8;1;Federalists;1;-8;-9;41
587;Queretaro;4;Liberals;2;0;2;6;1867;5;14;1867;-8;-8;-8;-8;-8;-8;40;1;Liberals;2;-8;1000;41
587;Queretaro;4;Mexico;1;0;2;6;1867;5;14;1867;-8;-8;-8;-8;-8;-8;40;1;Liberals;2;-8;1500;41
588;Meiji Restoration;4;Tokugawa;2;0;1;3;1868;7;4;1868;-8;-8;-8;-8;-8;-8;-8;7;Japan;1;-8;-9;41
588;Meiji Restoration;4;Japan;1;0;1;3;1868;7;4;1868;-8;-8;-8;-8;-8;-8;-8;7;Japan;1;-8;-9;41
590;Third Venezuelan;4;Conservatives;2;0;1;11;1868;8;14;1868;8;14;1869;1;7;1871;-8;1;Conservatives;2;-8;-9;41
590;Third Venezuelan;4;Venezuela;1;0;1;11;1868;8;14;1868;8;14;1869;1;7;1871;-8;1;Conservatives;2;-8;-9;41
591;Spanish Liberals;4;Liberals;2;0;9;18;1868;9;29;1868;-8;-8;-8;-8;-8;-8;-8;2;Liberals;2;-8;-9;41
591;Spanish Liberals;4;Spain;1;0;9;18;1868;9;29;1868;-8;-8;-8;-8;-8;-8;-8;2;Liberals;2;-8;-9;41
592;Guerre des Cacos;4;Black peasants;2;0;2;-9;1869;12;18;1869;-8;-8;-8;-8;-8;-8;-8;1;Black peasants;2;-8;-9;41
592;Guerre des Cacos;4;Haiti;1;0;2;-9;1869;12;18;1869;-8;-8;-8;-8;-8;-8;-8;1;Black peasants;2;-8;-9;41
593;Fourth Argentina;5;Entre Rios Province;2;0;5;20;1870;3;13;1871;-8;-8;-8;-8;-8;-8;-8;1;Entre Rios Province;1;-8;-9;41
593;Fourth Argentina;5;Argentina;1;0;5;20;1870;3;13;1871;-8;-8;-8;-8;-8;-8;-8;1;Entre Rios Province;1;-8;-9;41
595;Bolivia-Criollos;4;Crillos;2;0;11;24;1870;1;15;1871;-8;-8;-8;-8;-8;-8;-8;1;Crillos;2;-8;-9;41
595;Bolivia-Criollos;4;Bolivia;1;0;11;24;1870;1;15;1871;-8;-8;-8;-8;-8;-8;-8;1;Crillos;2;-8;-9;41
596;Paris Commune;4;Communards;2;0;4;2;1871;5;29;1871;-8;-8;-8;-8;-8;-8;-8;2;Communards;1;-8;25000;41
596;Paris Commune;4;France;1;0;4;2;1871;5;29;1871;-8;-8;-8;-8;-8;-8;-8;2;Communards;1;-8;879;41
597;Third Carlist;4;Carlists;2;0;4;20;1872;2;20;1876;-8;-8;-8;-8;-8;-8;-8;2;Carlists;1;-8;43000;41
597;Third Carlist;4;Spain;1;0;4;20;1872;2;20;1876;-8;-8;-8;-8;-8;-8;-8;2;Carlists;1;-8;7000;41
598;Catonalist Uprising;5;Rebel cities (cantons);2;0;-9;-9;1874;1;-9;1875;-8;-8;-8;-8;-8;-8;-8;2;Rebel cities (cantons);1;-8;-9;41
598;Catonalist Uprising;5;Spain;1;0;-9;-9;1874;1;-9;1875;-8;-8;-8;-8;-8;-8;-8;2;Rebel cities (cantons);1;-8;-9;41
600;Fifth Argentina;4;Mitre led Rebels;2;0;9;-9;1874;11;6;1874;-8;-8;-8;-8;-8;-8;-8;1;Mitre led Rebels;1;-8;-9;41
600;Fifth Argentina;4;Argentina;1;0;9;-9;1874;11;6;1874;-8;-8;-8;-8;-8;-8;-8;1;Mitre led Rebels;1;-8;-9;41
601;Bosnia & Bulgaria Revolt;5;Bosnia & Bulgaria;2;0;6;30;1875;6;29;1876;-8;-8;-8;-8;-8;-8;-8;2;Bosnia & Bulgaria;4;373;3000;41
601;Bosnia & Bulgaria Revolt;5;Ottoman Empire;1;0;6;30;1875;6;29;1876;-8;-8;-8;-8;-8;-8;-8;2;Bosnia & Bulgaria;4;373;6000;41
602;Diaz Revolt;4;Rebels;2;0;3;-9;1876;11;23;1876;-8;-8;-8;-8;-8;-8;-8;1;Rebels;2;-8;-9;41
602;Diaz Revolt;4;Mexico;1;0;3;-9;1876;11;23;1876;-8;-8;-8;-8;-8;-8;-8;1;Rebels;2;-8;1900;41
603;Defeat of Xinjiang Muslims;5;Muslims;2;0;4;-9;1876;12;1;1877;-8;-8;-8;-8;-8;-8;-8;7;China;1;-8;-9;41
603;Defeat of Xinjiang Muslims;5;China;1;0;4;-9;1876;12;1;1877;-8;-8;-8;-8;-8;-8;-8;7;China;1;-8;-9;41
605;Third Colombian;4;Conservatives;2;0;7;26;1876;7;1;1877;-8;-8;-8;-8;-8;-8;-8;1;Conservatives;1;-8;1770;41
605;Third Colombian;4;Colombia;1;0;7;26;1876;7;1;1877;-8;-8;-8;-8;-8;-8;-8;1;Conservatives;1;-8;2100;41
607;Satsuma Rebellion;5;Satsumas;2;0;1;29;1877;9;24;1877;-8;-8;-8;-8;-8;-8;-8;7;Satsumas;1;-8;10000;41
607;Satsuma Rebellion;5;Japan;1;0;1;29;1877;9;24;1877;-8;-8;-8;-8;-8;-8;-8;7;Satsumas;1;-8;7000;41
608;Argentine Indians;5;Indians;2;0;4;6;1879;7;8;1880;-8;-8;-8;-8;-8;-8;-8;1;Argentina;1;-8;1500;41
608;Argentine Indians;5;Argentina;1;0;4;6;1879;7;8;1880;-8;-8;-8;-8;-8;-8;-8;1;Argentina;1;-8;200;41
610;Fourth Buenos Aires;5;Buenos Aires;2;0;6;21;1880;7;21;1880;-8;-8;-8;-8;-8;-8;-8;1;Buenos Aires;1;-8;800;41
610;Fourth Buenos Aires;5;Argentina;1;0;6;21;1880;7;21;1880;-8;-8;-8;-8;-8;-8;-8;1;Buenos Aires;1;-8;400;41
611;Haitian Civil War;4;Liberals;2;0;3;27;1883;1;8;1884;-8;-8;-8;-8;-8;-8;-8;1;Liberals;1;-8;100;41
611;Haitian Civil War;4;Haiti;1;0;3;27;1883;1;8;1884;-8;-8;-8;-8;-8;-8;-8;1;Liberals;1;-8;8000;41
612;Fourth Colombian;4;Liberals;2;0;11;15;1884;8;26;1885;-8;-8;-8;-8;-8;-8;-8;1;Liberals;1;-8;700;41
612;Fourth Colombian;4;Colombia;1;0;11;15;1884;8;26;1885;-8;-8;-8;-8;-8;-8;-8;1;Liberals;1;-8;300;41
613;Peru's National Problem;5;Indians;2;0;3;2;1885;5;25;1885;-8;-8;-8;-8;-8;-8;-8;1;Indians;1;-8;2000;41
613;Peru's National Problem;5;Peru;1;0;3;2;1885;5;25;1885;-8;-8;-8;-8;-8;-8;-8;1;Indians;1;-8;200;41
616;First Yemen Rebellion;5;Zaidi Imam;2;0;4;-9;1890;9;-9;1892;-8;-8;-8;-8;-8;-8;-8;6;Zaidi Imam;1;-8;-9;41
616;First Yemen Rebellion;5;Ottoman Empire;1;0;4;-9;1890;9;-9;1892;-8;-8;-8;-8;-8;-8;-8;6;Zaidi Imam;1;-8;-9;41
617;Second Chilean;4;Congressists;2;0;1;7;1891;8;29;1891;-8;-8;-8;-8;-8;-8;-8;1;Congressists;2;-8;700;41
617;Second Chilean;4;Chile;1;0;1;7;1891;8;29;1891;-8;-8;-8;-8;-8;-8;-8;1;Congressists;2;-8;1000;41
618;Zaili-Jinden Revolt;5;Zaili & Jindan Sects;2;0;11;11;1891;12;27;1891;-8;-8;-8;-8;-8;-8;-8;7;Zaili & Jindan Sects;1;-8;10000;41
618;Zaili-Jinden Revolt;5;China;1;0;11;11;1891;12;27;1891;-8;-8;-8;-8;-8;-8;-8;7;Zaili & Jindan Sects;1;-8;500;41
620;Brazil Federalists;5;Rio Grande do Sul;2;0;2;2;1893;8;31;1894;-8;-8;-8;-8;-8;-8;-8;1;Rio Grande do Sul;1;-8;-9;41
620;Brazil Federalists;5;Brazil;1;0;2;2;1893;8;31;1894;-8;-8;-8;-8;-8;-8;-8;1;Rio Grande do Sul;1;-8;1500;41
621;Brazil Naval;4;Naval Royalists;2;0;9;6;1893;4;16;1894;-8;-8;-8;-8;-8;-8;-8;1;Naval Royalists;1;-8;-9;41
621;Brazil Naval;4;Brazil;1;0;9;6;1893;4;16;1894;-8;-8;-8;-8;-8;-8;-8;1;Naval Royalists;1;-8;1000;41
623;Tonghak Rebellion;4;Japan;1;1;10;24;1894;11;28;1894;-8;-8;-8;-8;-8;-8;-8;7;Tonghak Society;1;-8;-9;41
623;Tonghak Rebellion;4;Tonghak Society;2;1;2;29;1894;5;6;1894;9;14;1894;11;28;1894;-8;7;Tonghak Society;1;-8;-9;41
623;Tonghak Rebellion;4;Korea;1;1;2;29;1894;5;6;1894;9;14;1894;11;28;1894;-8;7;Tonghak Society;1;-8;-9;41
625;Third Peru;4;Liberals;2;0;10;15;1894;3;19;1895;-8;-8;-8;-8;-8;-8;-8;1;Liberals;2;-8;-9;41
625;Third Peru;4;Peru;1;0;10;15;1894;3;19;1895;-8;-8;-8;-8;-8;-8;-8;1;Liberals;2;-8;-9;41
626;Fifth Colombian;4;Liberals;2;0;1;22;1895;3;15;1895;-8;-8;-8;-8;-8;-8;-8;1;Liberals;1;-8;800;41
626;Fifth Colombian;4;Colombia;1;0;1;22;1895;3;15;1895;-8;-8;-8;-8;-8;-8;-8;1;Liberals;1;-8;400;41
627;Ecuador Liberals;4;liberal caudillos;2;0;2;18;1895;9;22;1895;-8;-8;-8;-8;-8;-8;-8;1;liberal caudillos;2;-8;100;41
627;Ecuador Liberals;4;Ecuador;1;0;2;18;1895;9;22;1895;-8;-8;-8;-8;-8;-8;-8;1;liberal caudillos;2;-8;900;41
628;First Gansu Muslim;5;Gansu Muslims;2;0;4;-9;1895;4;-9;1896;-8;-8;-8;-8;-8;-8;-8;7;Gansu Muslims;1;-8;-9;41
628;First Gansu Muslim;5;China;1;0;4;-9;1895;4;-9;1896;-8;-8;-8;-8;-8;-8;-8;7;Gansu Muslims;1;-8;-9;41
630;Druze-Turkish;5;Druze;2;0;10;-9;1895;-9;-9;1896;-8;-8;-8;-8;-8;-8;-8;6;Druze;1;-8;-9;41
630;Druze-Turkish;5;Ottoman Empire;1;0;10;-9;1895;-9;-9;1896;-8;-8;-8;-8;-8;-8;-8;6;Druze;1;-8;-9;41
631;Second Cretan;5;Cretan Muslims;2;0;3;10;1896;2;14;1897;-8;-8;-8;-8;-8;-8;-8;2;Cretan Muslims;4;76;-9;41
631;Second Cretan;5;Ottoman Empire;1;0;3;10;1896;2;14;1897;-8;-8;-8;-8;-8;-8;-8;2;Cretan Muslims;4;76;-9;41
632;Third Brazil-Canudos;5;Canudos;2;0;10;1;1896;10;5;1897;-8;-8;-8;-8;-8;-8;-8;1;Brazil;1;-8;3000;41
632;Third Brazil-Canudos;5;Brazil;1;0;10;1;1896;10;5;1897;-8;-8;-8;-8;-8;-8;-8;1;Brazil;1;-8;2200;41
633;Fourth Venezuelan;4;Castro Led Rebels;2;0;5;24;1899;10;22;1899;-8;-8;-8;-8;-8;-8;-8;1;Castro Led Rebels;2;-8;900;41
633;Fourth Venezuelan;4;Venezuela;1;0;5;24;1899;10;22;1899;-8;-8;-8;-8;-8;-8;-8;1;Castro Led Rebels;2;-8;1200;41
635;Second Yaqui War;5;Yaqui Indians;2;0;7;21;1899;1;18;1900;-8;-8;-8;-8;-8;-8;-8;1;Yaqui Indians;1;-8;1500;41
635;Second Yaqui War;5;Mexico;1;0;7;21;1899;1;18;1900;-8;-8;-8;-8;-8;-8;-8;1;Yaqui Indians;1;-8;100;41
636;Sixth Colombian (War of the 1000 Days);4;Liberals;2;0;10;17;1899;11;21;1902;-8;-8;-8;-8;-8;-8;-8;1;Liberals;1;-8;53000;41
636;Sixth Colombian (War of the 1000 Days);4;Colombia;1;0;10;17;1899;11;21;1902;-8;-8;-8;-8;-8;-8;-8;1;Liberals;1;-8;47000;41
638;Fifth Venezuelan;4;Matos Led Rebels;2;0;12;19;1901;7;19;1903;-8;-8;-8;-8;-8;-8;-8;1;Matos Led Rebels;1;-8;3000;41
638;Fifth Venezuelan;4;Venezuela;1;0;12;19;1901;7;19;1903;-8;-8;-8;-8;-8;-8;-8;1;Matos Led Rebels;1;-8;1000;41
640;Ilinden;5;IMRO Rebels;2;0;8;2;1903;11;2;1903;-8;-8;-8;-8;-8;-8;-8;2;IMRO Rebels;1;-8;1000;41
640;Ilinden;5;Ottoman Empire;1;0;8;2;1903;11;2;1903;-8;-8;-8;-8;-8;-8;-8;2;IMRO Rebels;1;-8;5330;41
641;First Uruguay;4;Blancos;2;0;1;1;1904;9;1;1904;-8;-8;-8;-8;-8;-8;-8;1;Blancos;1;-8;-9;41
641;First Uruguay;4;Uruguay;1;0;1;1;1904;9;1;1904;-8;-8;-8;-8;-8;-8;-8;1;Blancos;1;-8;-9;41
642;Second Yemen Rebellion;5;Imam Yahya's forces;2;0;11;8;1904;1;10;1906;-8;-8;-8;-8;-8;-8;-8;6;Yemen;6;-8;-9;41
642;Second Yemen Rebellion;5;Ottoman Empire;1;0;11;8;1904;1;10;1906;-8;-8;-8;-8;-8;-8;-8;6;Yemen;6;-8;30000;41
643;Bloody Sunday;4;Workers/Peasants;2;0;1;22;1905;1;1;1906;-8;-8;-8;-8;-8;-8;-8;2;Workers/Peasants;1;-8;-9;41
643;Bloody Sunday;4;Russia;1;0;1;22;1905;1;1;1906;-8;-8;-8;-8;-8;-8;-8;2;Workers/Peasants;1;-8;1500;41
645;Romanian Peasant Revolt;4;Peasants;2;0;3;15;1907;4;30;1907;-8;-8;-8;-8;-8;-8;-8;2;Peasants;1;-8;-9;41
645;Romanian Peasant Revolt;4;Romania;1;0;3;15;1907;4;30;1907;-8;-8;-8;-8;-8;-8;-8;2;Peasants;1;-8;2000;41
646;Overthrow of Abd el-Aziz;4;France;1;1;8;7;1907;6;15;1908;-8;-8;-8;-8;-8;-8;-8;6;Mulai el-Hafid;2;-8;200;41
646;Overthrow of Abd el-Aziz;4;Mulai el-Hafid;2;1;8;1;1907;9;1;1908;-8;-8;-8;-8;-8;-8;-8;6;Mulai el-Hafid;2;-8;800;41
646;Overthrow of Abd el-Aziz;4;Morocco;1;1;8;1;1907;9;1;1908;-8;-8;-8;-8;-8;-8;-8;6;Mulai el-Hafid;2;-8;400;41
647;Iranian Constitution War;4;Russia;1;1;4;30;1909;7;17;1909;-8;-8;-8;-8;-8;-8;-8;6;Constitutionalists;2;-8;100;41
647;Iranian Constitution War;4;Constitutionalists;2;1;6;23;1908;7;17;1909;-8;-8;-8;-8;-8;-8;-8;6;Constitutionalists;2;-8;-9;41
647;Iranian Constitution War;4;Iran;1;1;6;23;1908;7;17;1909;-8;-8;-8;-8;-8;-8;-8;6;Constitutionalists;2;-8;-9;41
648;Young Turks Counter-coup;4;Anti-government troops;2;0;4;14;1909;4;28;1909;-8;-8;-8;-8;-8;-8;-8;6;Anti-government troops;1;-8;-9;41
648;Young Turks Counter-coup;4;Ottoman Empire;1;0;4;14;1909;4;28;1909;-8;-8;-8;-8;-8;-8;-8;6;Anti-government troops;1;-8;-9;41
650;Second Albanian Revolt;5;Albania;2;0;3;-9;1910;10;16;1912;-8;-8;-8;-8;-8;-8;-8;2;Albania;4;100;-9;41
650;Second Albanian Revolt;5;Ottoman Empire;1;0;3;-9;1910;10;16;1912;-8;-8;-8;-8;-8;-8;-8;2;Albania;4;100;-9;41
651;Asir-Yemen Revolt;5;Yemen & Asir Imam Ibn Idris & Sayyid Muhammad;2;0;10;15;1910;10;9;1911;-8;-8;-8;-8;-8;-8;-8;6;Yemen & Asir;6;-8;2000;41
651;Asir-Yemen Revolt;5;Ottoman Empire;1;0;10;15;1910;10;9;1911;-8;-8;-8;-8;-8;-8;-8;6;Yemen & Asir;6;-8;7000;41
652;Third Mexican;4;Liberals & Radicals;2;0;11;20;1910;7;15;1914;-8;-8;-8;-8;-8;-8;-8;1;Liberals & Radicals;2;-8;37500;41
652;Third Mexican;4;Mexico;1;0;11;20;1910;7;15;1914;-8;-8;-8;-8;-8;-8;-8;1;Liberals & Radicals;2;-8;56250;41
656;Paraguay;4;Radicals;2;0;7;15;1911;5;11;1912;-8;-8;-8;-8;-8;-8;-8;1;Radicals;2;-8;1000;41
656;Paraguay;4;Paraguay;1;0;7;15;1911;5;11;1912;-8;-8;-8;-8;-8;-8;-8;1;Radicals;2;-8;4000;41
657;First Nationalist;4;Nat. Rel. Alliance;2;0;10;11;1911;12;31;1911;-8;-8;-8;-8;-8;-8;-8;7;Republicans;2;-8;200;41
657;First Nationalist;4;China;1;0;10;11;1911;12;31;1911;-8;-8;-8;-8;-8;-8;-8;7;Republicans;2;-8;800;41
658;Cuban Black Uprising;5;Patri do Indepentente;2;0;5;20;1912;6;27;1912;-8;-8;-8;-8;-8;-8;-8;1;Patri do Indepentente;1;-8;1000;41
658;Cuban Black Uprising;5;Cuba;1;0;5;20;1912;6;27;1912;-8;-8;-8;-8;-8;-8;-8;1;Patri do Indepentente;1;-8;50;41
670;Ecuadorian Civil War;5;Esmeraldas province;2;0;-9;-9;1912;-9;-9;1914;-8;-8;-8;-8;-8;-8;-8;1;Esmeraldas province;1;-8;-9;41
670;Ecuadorian Civil War;5;Ecuador;1;0;-9;-9;1912;-9;-9;1914;-8;-8;-8;-8;-8;-8;-8;1;Esmeraldas province;1;-8;-9;41
671;Second Nationalist;4;Republicans;2;0;7;12;1913;9;1;1913;-8;-8;-8;-8;-8;-8;-8;7;Republicans;1;-8;-9;41
671;Second Nationalist;4;China;1;0;7;12;1913;9;1;1913;-8;-8;-8;-8;-8;-8;-8;7;Republicans;1;-8;-9;41
672;China Pai Ling (White Wolf);5;Pai-Lings;2;0;3;15;1914;9;15;1914;-8;-8;-8;-8;-8;-8;-8;7;Pai-Lings;1;-8;-9;41
672;China Pai Ling (White Wolf);5;China;1;0;3;15;1914;9;15;1914;-8;-8;-8;-8;-8;-8;-8;7;Pai-Lings;1;-8;-9;41
673;Fourth Mexican;4;United States;1;1;3;15;1915;2;5;1917;-8;-8;-8;-8;-8;-8;-8;1;Conventionists;1;-8;15;41
673;Fourth Mexican;4;Conventionists;2;1;11;19;1914;7;28;1920;-8;-8;-8;-8;-8;-8;-8;1;Conventionists;1;-8;12500;41
673;Fourth Mexican;4;Mexico;1;1;11;19;1914;7;28;1920;-8;-8;-8;-8;-8;-8;-8;1;Conventionists;1;-8;18750;41
675;Southern China Revolt;5;Yunnan Rebels;2;0;1;-9;1916;11;17;1918;-8;-8;-8;-8;-8;-8;-8;7;Yunnan Rebels;1;-8;-9;41
675;Southern China Revolt;5;China;1;0;1;-9;1916;11;17;1918;-8;-8;-8;-8;-8;-8;-8;7;Yunnan Rebels;1;-8;-9;41
676;Russia-Turkestan;5;Kirghiz & Kazaks;2;0;7;4;1916;2;27;1917;-8;-8;-8;-8;-8;-8;-8;2;Kirghiz & Kazables;1;-8;1000;41
676;Russia-Turkestan;5;Russia;1;0;7;4;1916;2;27;1917;-8;-8;-8;-8;-8;-8;-8;2;Kirghiz & Kazables;1;-8;350;41
677;Russian Civil War;4;Finland;2;1;4;15;1919;4;30;1919;-8;-8;-8;-8;-8;-8;-8;2;;1;-8;50;41
677;Russian Civil War;4;Japan;2;1;8;3;1918;10;15;1920;-8;-8;-8;-8;-8;-8;-8;2;;1;-8;1500;41
677;Russian Civil War;4;Anti-Bolsheviks;2;1;12;9;1917;3;18;1921;-8;-8;-8;-8;-8;-8;-8;2;Anti-Bolsheviks;1;-8;325000;41
677;Russian Civil War;4;USSR;1;1;12;9;1917;3;18;1921;-8;-8;-8;-8;-8;-8;-8;2;Anti-Bolsheviks;1;-8;475000;41
677;Russian Civil War;4;United Kingdom;2;1;6;23;1918;3;15;1920;-8;-8;-8;-8;-8;-8;-8;2;;1;-8;350;41
677;Russian Civil War;4;United States of America;2;1;7;1;1918;4;20;1920;-8;-8;-8;-8;-8;-8;-8;2;;1;-8;275;41
677;Russian Civil War;4;France;2;1;6;23;1918;9;30;1919;-8;-8;-8;-8;-8;-8;-8;2;;1;-8;50;41
680;Finnish Civil War;4;Germany;1;1;4;3;1918;5;16;1918;-8;-8;-8;-8;-8;-8;-8;2;;1;-8;950;41
680;Finnish Civil War;4;USSR;2;1;1;28;1918;5;16;1918;-8;-8;-8;-8;-8;-8;-8;2;;1;-8;400;41
680;Finnish Civil War;4;Red Guard;2;1;1;28;1918;4;30;1918;-8;-8;-8;-8;-8;-8;-8;2;Communists;1;-8;8500;41
680;Finnish Civil War;4;Finland;1;1;1;28;1918;4;30;1918;-8;-8;-8;-8;-8;-8;-8;2;Communists;1;-8;5300;41
681;Western Ukrainian;6;Ukrainians;2;0;11;1;1918;2;13;1919;-8;-8;-8;-8;-8;-8;-8;2;Poles;4;109;-9;41
681;Western Ukrainian;6;Ukraine Poles;1;0;11;1;1918;2;13;1919;-8;-8;-8;-8;-8;-8;-8;2;Poles;4;109;-9;41
682;Sparticist Rising;7;German Freikorps;2;0;1;6;1919;5;1919;;-8;-8;-8;-8;-8;-8;-8;2;Socialists;2;-8;70;41
682;Sparticist Rising;7;Socialists;1;0;1;6;1919;5;1919;;-8;-8;-8;-8;-8;-8;-8;2;Socialists;2;-8;2.1;41
683;Hungary's Red Terror;4;Anti-Communists;2;0;3;25;1919;2;15;1920;-8;-8;-8;-8;-8;-8;-8;2;Anti-Communists;2;-8;500;41
683;Hungary's Red Terror;4;Hungary;1;0;3;25;1919;2;15;1920;-8;-8;-8;-8;-8;-8;-8;2;Anti-Communists;2;-8;1000;41
685;First Chinese Warlord;7;Chihli & Fengtien;2;0;7;14;1920;7;19;1920;-8;-8;-8;-8;-8;-8;-8;7;Chihli army;2;-8;-9;41
685;First Chinese Warlord;7;Anhui army;1;0;7;14;1920;7;19;1920;-8;-8;-8;-8;-8;-8;-8;7;Chihli army;2;-8;-9;41
686;Green Rebellion;5;Peasants in Ta;2;0;8;-9;1920;8;-9;1921;-8;-8;-8;-8;-8;-8;-8;2;Peasants in Ta;1;-8;5000;41
686;Green Rebellion;5;USSR;1;0;8;-9;1920;8;-9;1921;-8;-8;-8;-8;-8;-8;-8;2;Peasants in Ta;1;-8;1700;41
687;Gilan Marxists;4;USSR;2;1;8;10;1920;11;11;1921;-8;-8;-8;-8;-8;-8;-8;6;SSRI;1;-8;-8;41
687;Gilan Marxists;4;USSR;2;1;8;10;1920;11;11;1921;-8;-8;-8;-8;-8;-8;-8;6;SSRI;1;-8;-8;41
687;Gilan Marxists;4;SSRI;2;1;8;10;1920;11;11;1921;-8;-8;-8;-8;-8;-8;-8;6;SSRI;1;-8;-9;41
687;Gilan Marxists;4;Iran;1;1;8;10;1920;11;11;1921;-8;-8;-8;-8;-8;-8;-8;6;SSRI;1;-8;-9;41
688;Italian Fascist;7;Leftists;2;0;10;-9;1920;10;1;1922;-8;-8;-8;-8;-8;-8;-8;2;Blackshirts;1;-8;3;41
688;Italian Fascist;7;Blackshirts;1;0;10;-9;1920;10;1;1922;-8;-8;-8;-8;-8;-8;-8;2;Blackshirts;1;-8;300;41
690;Kronstadt Rebellion;5;Sailors;2;0;3;7;1921;3;18;1921;-8;-8;-8;-8;-8;-8;-8;2;Sailors;1;-8;600;41
690;Kronstadt Rebellion;5;USSR;1;0;3;7;1921;3;18;1921;-8;-8;-8;-8;-8;-8;-8;2;Sailors;1;-8;2000;41
691;Bashmachi in Turkestan;5;Basmachi/Enver Pasha;2;0;11;10;1921;7;-9;1923;-8;-8;-8;-8;-8;-8;-8;2;Muslims/Enver Pasha;1;-8;2500;41
691;Bashmachi in Turkestan;5;USSR;1;0;11;10;1921;7;-9;1923;-8;-8;-8;-8;-8;-8;-8;2;Muslims/Enver Pasha;1;-8;1000;41
692;Second Chinese Warlord;7;Fengtien army;2;0;4;8;1922;5;5;1922;-8;-8;-8;-8;-8;-8;-8;7;Fengtien army;1;-8;-9;41
692;Second Chinese Warlord;7;Chihli army;1;0;4;8;1922;5;5;1922;-8;-8;-8;-8;-8;-8;-8;7;Fengtien army;1;-8;-9;41
693;Agrarian Rising;4;Agrarian League;2;0;9;23;1923;9;28;1923;-8;-8;-8;-8;-8;-8;-8;2;Agrarian League;1;-8;-9;41
693;Agrarian Rising;4;Bulgaria;1;0;9;23;1923;9;28;1923;-8;-8;-8;-8;-8;-8;-8;2;Agrarian League;1;-8;-9;41
695;De La Huerta Rebellion;4;Huerta Led Rebels;2;0;12;4;1923;2;-9;1924;-8;-8;-8;-8;-8;-8;-8;1;Huerta Led Rebels;1;-8;-9;41
695;De La Huerta Rebellion;4;Mexico;1;0;12;4;1923;2;-9;1924;-8;-8;-8;-8;-8;-8;-8;1;Huerta Led Rebels;1;-8;-9;41
696;Honduran Conservative;4;Conservatives;2;0;2;9;1924;3;31;1924;-8;-8;-8;-8;-8;-8;-8;1;Conservatives;2;-8;-9;41
696;Honduran Conservative;4;Honduras;1;0;2;9;1924;3;31;1924;-8;-8;-8;-8;-8;-8;-8;1;Conservatives;2;-8;-9;41
697;First Afghan Anti-Reform;4;Khost rebels (anti-reformists);2;0;3;15;1924;1;15;1925;-8;-8;-8;-8;-8;-8;-8;7;Khost rebels (anti-reformists);1;-8;-9;41
697;First Afghan Anti-Reform;4;Afghanistan;1;0;3;15;1924;1;15;1925;-8;-8;-8;-8;-8;-8;-8;7;Khost rebels (anti-reformists);1;-8;-9;41
698;Third Chinese Warlord;6;Chang Tso-lin army;2;0;10;15;1925;4;20;1926;-8;-8;-8;-8;-8;-8;-8;7;Chang Tso-lin army;2;-8;-9;41
698;Third Chinese Warlord;6;Feng Yu-Lxiang army;1;0;10;15;1925;4;20;1926;-8;-8;-8;-8;-8;-8;-8;7;Chang Tso-lin army;2;-8;-9;41
700;Chinese Northern Expedition;4;Guomindang;2;1;7;1;1926;6;30;1928;-8;-8;-8;-8;-8;-8;-8;7;Guomindang;2;-8;48000;41
700;Chinese Northern Expedition;4;War Lord Gov't.;1;1;7;1;1926;6;30;1928;-8;-8;-8;-8;-8;-8;-8;7;Guomindang;2;-8;78000;41
700;Chinese Northern Expedition;4;Japan;2;1;6;1;1927;6;1;1928;-8;-8;-8;-8;-8;-8;-8;7;Guomindang;2;-8;500;41
701;Cristeros Revolt;4;Cristeros;2;0;8;31;1926;6;21;1929;-8;-8;-8;-8;-8;-8;-8;1;Cristeros;3;-8;4000;41
701;Cristeros Revolt;4;Mexico;1;0;8;31;1926;6;21;1929;-8;-8;-8;-8;-8;-8;-8;1;Cristeros;3;-8;6000;41
702;Ethiopian Northern Resistance;5;Northern Resistance;2;0;8;-9;1928;4;-9;1930;-8;-8;-8;-8;-8;-8;-8;6;Northern Resistance;1;-8;-9;41
702;Ethiopian Northern Resistance;5;Ethiopia;1;0;8;-9;1928;4;-9;1930;-8;-8;-8;-8;-8;-8;-8;6;Northern Resistance;1;-8;-9;41
703;Second Gansu Muslim;5;Gansu Muslims;2;0;-9;-9;1928;-9;-9;1930;-8;-8;-8;-8;-8;-8;-8;7;Muslims;1;-8;-9;41
703;Second Gansu Muslim;5;China;1;0;-9;-9;1928;-9;-9;1930;-8;-8;-8;-8;-8;-8;-8;7;Muslims;1;-8;-9;41
705;Second Afghan Anti-Reform;4;Habibullah (anti-reformists);2;0;11;10;1928;10;15;1929;-8;-8;-8;-8;-8;-8;-8;7;Habibullah (anti-reformists);1;-8;7500;41
705;Second Afghan Anti-Reform;4;Afghanistan;1;0;11;10;1928;10;15;1929;-8;-8;-8;-8;-8;-8;-8;7;Habibullah (anti-reformists);1;-8;7500;41
706;Intra-Guomindang;4;War Lords;2;0;3;1;1929;11;4;1930;-8;-8;-8;-8;-8;-8;-8;7;War Lords;1;-8;-9;41
706;Intra-Guomindang;4;China;1;0;3;1;1929;11;4;1930;-8;-8;-8;-8;-8;-8;-8;7;War Lords;1;-8;-9;41
707;Escobar Rebellion;4;Escobar Led Rebels;2;0;3;3;1929;5;4;1929;-8;-8;-8;-8;-8;-8;-8;1;Escoban Led Rebels;1;-8;1600;41
707;Escobar Rebellion;4;Mexico;1;0;3;3;1929;5;4;1929;-8;-8;-8;-8;-8;-8;-8;1;Escoban Led Rebels;1;-8;400;41
708;Ikhwan Revolt;4;Ikhwan;2;0;3;30;1929;1;10;1930;-8;-8;-8;-8;-8;-8;-8;6;Ikhwan;1;-8;5000;41
708;Ikhwan Revolt;4;Saudi Arabia;1;0;3;30;1929;1;10;1930;-8;-8;-8;-8;-8;-8;-8;6;Ikhwan;1;-8;500;41
710;Chinese Civil War, Phase 1;4;Communists;2;0;11;15;1930;12;31;1936;-8;-8;-8;-8;-8;-8;-8;7;Communists;6;-8;300000;41
710;Chinese Civil War, Phase 1;4;China;1;0;11;15;1930;12;31;1936;-8;-8;-8;-8;-8;-8;-8;7;Communists;6;-8;200000;41
711;Xinjiang Muslim Revolt;5;USSR;1;1;1;-9;1934;8;-9;1934;-8;-8;-8;-8;-8;-8;-8;7;Central Asian Rebels;1;-8;1000;41
711;Xinjiang Muslim Revolt;5;Central Asian Rebels;2;1;2;-9;1931;7;7;1934;-8;-8;-8;-8;-8;-8;-8;7;Central Asian Rebels;1;-8;10000;41
711;Xinjiang Muslim Revolt;5;China;1;1;2;-9;1931;7;7;1934;-8;-8;-8;-8;-8;-8;-8;7;Central Asian Rebels;1;-8;10000;41
712;Matanza;4;Leftists;2;0;1;20;1932;1;29;1932;-8;-8;-8;-8;-8;-8;-8;1;Leftists;1;-8;2500;41
712;Matanza;4;El Salvador;1;0;1;20;1932;1;29;1932;-8;-8;-8;-8;-8;-8;-8;1;Leftists;1;-8;100;41
713;Aprista Revolt;4;Aprista Rebels;2;0;5;7;1932;7;17;1932;-8;-8;-8;-8;-8;-8;-8;1;Aprista Rebels;1;-8;1000;41
713;Aprista Revolt;4;Peru;1;0;5;7;1932;7;17;1932;-8;-8;-8;-8;-8;-8;-8;1;Aprista Rebels;1;-8;100;41
715;Paulista Rebellion;4;Paolistas;2;0;6;9;1932;8;31;1932;-8;-8;-8;-8;-8;-8;-8;1;Paolistas;1;-8;-9;41
715;Paulista Rebellion;4;Brazil;1;0;6;9;1932;8;31;1932;-8;-8;-8;-8;-8;-8;-8;1;Paolistas;1;-8;-9;41
716;Fukien Revolt;4;19th Route Army;2;0;1;5;1934;1;15;1934;-8;-8;-8;-8;-8;-8;-8;7;19th Route Army;1;-8;-9;41
716;Fukien Revolt;4;China;1;0;1;5;1934;1;15;1934;-8;-8;-8;-8;-8;-8;-8;7;19th Route Army;1;-8;-9;41
717;Spanish Miners;5;Asturian Miners;2;0;10;4;1934;10;8;1934;-8;-8;-8;-8;-8;-8;-8;2;Asturian Miners;1;-8;1051;41
717;Spanish Miners;5;Spain;1;0;10;4;1934;10;8;1934;-8;-8;-8;-8;-8;-8;-8;2;Asturian Miners;1;-8;284;41
718;Spanish Civil War;4;Spain;1;1;7;18;1936;3;29;1939;-8;-8;-8;-8;-8;-8;-8;2;Fascists;2;-8;286000;41
718;Spanish Civil War;4;Falange;2;1;7;18;1936;3;29;1939;-8;-8;-8;-8;-8;-8;-8;2;Fascists;2;-8;174000;41
718;Spanish Civil War;4;Portugal;2;1;8;1;1936;3;29;1939;-8;-8;-8;-8;-8;-8;-8;2;Fascists;2;-8;2000;41
718;Spanish Civil War;4;Germany;2;1;8;27;1936;3;29;1939;-8;-8;-8;-8;-8;-8;-8;2;Fascists;2;-8;300;41
718;Spanish Civil War;4;Italy;2;1;7;30;1936;3;29;1939;-8;-8;-8;-8;-8;-8;-8;2;Fascists;2;-8;4000;41
720;Greek Civil War;4;United Kingdom;1;1;12;5;1944;1;11;1945;-8;-8;-8;-8;-8;-8;-8;2;Communists;1;-8;237;41
720;Greek Civil War;4;Communists;2;1;12;3;1944;2;12;1945;2;12;1946;10;16;1949;-8;2;Communists;1;-8;50000;41
720;Greek Civil War;4;Greece;1;1;12;3;1944;2;12;1945;2;12;1946;10;16;1949;-8;2;Communists;1;-8;17970;41
721;Polish Ukrainians;5;UPA;2;1;5;8;1945;11;18;1947;-8;-8;-8;-8;-8;-8;-8;2;UPA;1;-8;8700;41
721;Polish Ukrainians;5;Poland;1;1;5;8;1945;11;18;1947;-8;-8;-8;-8;-8;-8;-8;2;UPA;1;-8;11000;41
721;Polish Ukrainians;5;USSR;1;1;5;8;1945;11;18;1947;-8;-8;-8;-8;-8;-8;-8;2;UPA;1;-8;5000;41
722;Ukrainian Partisans;5;UPA;2;0;5;8;1945;12;31;1947;-8;-8;-8;-8;-8;-8;-8;2;UPA;1;-8;-9;41
722;Ukrainian Partisans;5;USSR;1;0;5;8;1945;12;31;1947;-8;-8;-8;-8;-8;-8;-8;2;UPA;1;-8;35000;41
723;Forest Brethren;5;Baltic Guerillas;2;0;5;8;1945;12;31;1951;-8;-8;-8;-8;-8;-8;-8;2;Baltic Guerillas;1;-8;17700;41
723;Forest Brethren;5;USSR;1;0;5;8;1945;12;31;1951;-8;-8;-8;-8;-8;-8;-8;2;Baltic Guerillas;1;-8;14700;41
725;Chinese Civil War, Phase 2;4;Communists;2;0;3;15;1946;4;21;1950;-8;-8;-8;-8;-8;-8;-8;7;Communists;2;-8;872400;41
725;Chinese Civil War, Phase 2;4;China;1;0;3;15;1946;4;21;1950;-8;-8;-8;-8;-8;-8;-8;7;Communists;2;-8;327600;41
726;Taiwan Revolt;5;Taiwanese;2;0;2;28;1947;3;21;1947;-8;-8;-8;-8;-8;-8;-8;7;Taiwanese;1;-8;1000;41
726;Taiwan Revolt;5;China;1;0;2;28;1947;3;21;1947;-8;-8;-8;-8;-8;-8;-8;7;Taiwanese;1;-8;250;41
727;Paraguay;4;Leftists;2;0;3;7;1947;8;20;1947;-8;-8;-8;-8;-8;-8;-8;1;Leftists;1;-8;-9;41
727;Paraguay;4;Paraguay;1;0;3;7;1947;8;20;1947;-8;-8;-8;-8;-8;-8;-8;1;Leftists;1;-8;-9;41
728;Yemeni Imamate;4;Anti-Imam Coalition;2;0;2;17;1948;3;20;1948;-8;-8;-8;-8;-8;-8;-8;6;Anti-Imam Coalition;1;-8;-9;41
728;Yemeni Imamate;4;Yemen;1;0;2;17;1948;3;20;1948;-8;-8;-8;-8;-8;-8;-8;6;Anti-Imam Coalition;1;-8;-9;41
730;Costa Rica;4;National Union Party;2;0;3;12;1948;4;17;1948;-8;-8;-8;-8;-8;-8;-8;1;National Union Party;2;-8;500;41
730;Costa Rica;4;Costa Rica;1;0;3;12;1948;4;17;1948;-8;-8;-8;-8;-8;-8;-8;1;National Union Party;2;-8;1500;41
731;"Seventh Colombian ""La Violencia""";4;Liberals;2;0;4;9;1948;8;7;1958;-8;-8;-8;-8;-8;-8;-8;1;Liberals;1;-8;20000;41
731;"Seventh Colombian ""La Violencia""";4;Colombia;1;0;4;9;1948;8;7;1958;-8;-8;-8;-8;-8;-8;-8;1;Liberals;1;-8;9800;41
732;First Burmese;5;Karens & Communists;2;0;8;15;1948;7;31;1951;-8;-8;-8;-8;-8;-8;-8;7;Karens & Communists;1;-8;-9;41
732;First Burmese;5;Burma;1;0;8;15;1948;7;31;1951;-8;-8;-8;-8;-8;-8;-8;7;Karens & Communists;1;-8;-9;41
733;South Moluccas;5;Moluccans;2;0;5;31;1950;11;3;1950;-8;-8;-8;-8;-8;-8;-8;7;Moluccans;1;-8;-9;41
733;South Moluccas;5;Indonesia;1;0;5;31;1950;11;3;1950;-8;-8;-8;-8;-8;-8;-8;7;Moluccans;1;-8;-9;41
735;Hukbalahap Rebellion;4;Huks;2;0;9;1;1950;5;-9;1954;-8;-8;-8;-8;-8;-8;-8;7;Huks;1;-8;9700;41
735;Hukbalahap Rebellion;4;Philippines;1;0;9;1;1950;5;-9;1954;-8;-8;-8;-8;-8;-8;-8;7;Huks;1;-8;1600;41
737;Bolivia;4;Leftists;2;0;4;8;1952;4;11;1952;-8;-8;-8;-8;-8;-8;-8;1;Leftists;2;-8;-9;41
737;Bolivia;4;Bolivia;1;0;4;8;1952;4;11;1952;-8;-8;-8;-8;-8;-8;-8;1;Leftists;2;-8;-9;41
738;Indonesia Darul Islam;4;Darul Islam;2;0;9;20;1953;11;23;1953;-8;-8;-8;-8;-8;-8;-8;7;Darul Islam;1;-8;1000;41
738;Indonesia Darul Islam;4;Indonesia;1;0;9;20;1953;11;23;1953;-8;-8;-8;-8;-8;-8;-8;7;Darul Islam;1;-8;1700;41
740;Argentine Military;4;Military;2;0;6;15;1955;9;19;1955;-8;-8;-8;-8;-8;-8;-8;1;Army;2;-8;-9;41
740;Argentine Military;4;Argentina;1;0;6;15;1955;9;19;1955;-8;-8;-8;-8;-8;-8;-8;1;Army;2;-8;-9;41
741;Tibetan Khamba Rebellion;5;Khamba Tibetans;2;0;3;1;1956;4;14;1959;-8;-8;-8;-8;-8;-8;-8;7;Khamba Tibetans;1;-8;12000;41
741;Tibetan Khamba Rebellion;5;China;1;0;3;1;1956;4;14;1959;-8;-8;-8;-8;-8;-8;-8;7;Khamba Tibetans;1;-8;4000;41
742;Indonesian Leftists;4;Leftists;2;0;12;15;1956;6;4;1962;-8;-8;-8;-8;-8;-8;-8;7;Leftists;1;-8;23500;41
742;Indonesian Leftists;4;Indonesia;1;0;12;15;1956;6;4;1962;-8;-8;-8;-8;-8;-8;-8;7;Leftists;1;-8;3700;41
743;First Lebanese;4;United States of America;1;1;7;16;1958;9;15;1958;-8;-8;-8;-8;-8;-8;-8;6;Leftists;1;-8;-8;41
743;First Lebanese;4;United States of America;1;1;7;16;1958;9;15;1958;-8;-8;-8;-8;-8;-8;-8;6;Leftists;1;-8;1;41
743;First Lebanese;4;National Front;2;1;5;9;1958;9;15;1958;-8;-8;-8;-8;-8;-8;-8;6;Leftists;1;-8;-9;41
743;First Lebanese;4;Lebanon;1;1;5;9;1958;9;15;1958;-8;-8;-8;-8;-8;-8;-8;6;Leftists;1;-8;-9;41
745;Cuban Revolution;4;Castroites;2;0;5;24;1958;1;2;1959;-8;-8;-8;-8;-8;-8;-8;1;Castroites;2;-8;1000;41
745;Cuban Revolution;4;Cuba;1;0;5;24;1958;1;2;1959;-8;-8;-8;-8;-8;-8;-8;1;Castroites;2;-8;2000;41
746;Second Burmese;4;Karens & Communists;2;0;11;-9;1958;4;-9;1960;-8;-8;-8;-8;-8;-8;-8;7;Karens & Communists;7;-8;2300;41
746;Second Burmese;4;Burma;1;0;11;-9;1958;4;-9;1960;-8;-8;-8;-8;-8;-8;-8;7;Karens & Communists;7;-8;850;41
747;Iraq-Shammar;4;Shammar Tribe & Pro-WesternOfficers;2;0;3;6;1959;3;10;1959;-8;-8;-8;-8;-8;-8;-8;6;Shammar Tribe & Pro-WesternOfficers;1;-8;-9;41
747;Iraq-Shammar;4;Iraq;1;0;3;6;1959;3;10;1959;-8;-8;-8;-8;-8;-8;-8;6;Shammar Tribe & Pro-WesternOfficers;1;-8;-9;41
748;Vietnam Phase 1;4;United States of America;1;1;1;1;1961;2;6;1965;-8;-8;-8;-8;-8;-8;-8;7;NLF;4;163;506;41
748;Vietnam Phase 1;4;NLF;2;1;1;1;1960;2;6;1965;-8;-8;-8;-8;-8;-8;-8;7;NLF;4;163;76900;41
748;Vietnam Phase 1;4;Vietnam, Republic of;1;1;1;1;1960;2;6;1965;-8;-8;-8;-8;-8;-8;-8;7;NLF;4;163;23300;41
750;First DRC (Zaire);5;Belgium;2;1;7;11;1960;9;14;1960;-8;-8;-8;-8;-8;-8;-8;4;Katanga & Leftists;1;-8;-8;41
750;First DRC (Zaire);5;Katanga & Leftists;1;1;7;4;1960;1;14;1963;-8;-8;-8;-8;-8;-8;-8;4;Katanga & Leftists;1;-8;-9;41
750;First DRC (Zaire);5;Zaire;1;1;7;4;1960;1;14;1963;-8;-8;-8;-8;-8;-8;-8;4;Katanga & Leftists;1;-8;-9;41
751;First Laotian;4;Vietnam, Democratic Rep.;2;1;5;1;1961;6;15;1962;-8;-8;-8;-8;-8;-8;-8;7;Pathet Lao;3;-8;-8;41
751;First Laotian;4;Pathet Lao;2;1;10;15;1960;7;15;1962;-8;-8;-8;-8;-8;-8;-8;7;Pathet Lao;3;-8;1000;41
751;First Laotian;4;Laos;1;1;10;15;1960;7;15;1962;-8;-8;-8;-8;-8;-8;-8;7;Pathet Lao;3;-8;4000;41
752;First Iraqi Kurd;5;Kurds;2;0;9;11;1961;11;22;1963;-8;-8;-8;-8;-8;-8;-8;6;Kurds;6;-8;2000;41
752;First Iraqi Kurd;5;Iraq;1;0;9;11;1961;11;22;1963;-8;-8;-8;-8;-8;-8;-8;6;Kurds;6;-8;500;41
753;Algerian Revolutionaries;4;ALN;2;0;7;28;1962;1;15;1963;-8;-8;-8;-8;-8;-8;-8;6;ALN;2;-8;700;41
753;Algerian Revolutionaries;4;Algeria;1;0;7;28;1962;1;15;1963;-8;-8;-8;-8;-8;-8;-8;6;ALN;2;-8;800;41
755;North Yemen;4;Egypt/United Arab Republic;1;1;12;15;1962;10;16;1967;-8;-8;-8;-8;-8;-8;-8;6;Royalists;1;-8;10000;41
755;North Yemen;4;Royalists;2;1;11;15;1962;9;3;1969;-8;-8;-8;-8;-8;-8;-8;6;Royalists;1;-8;-9;41
755;North Yemen;4;Yemen Arab Republic;1;1;11;15;1962;9;3;1969;-8;-8;-8;-8;-8;-8;-8;6;Royalists;1;-8;-9;41
756;Second Laotian Phase 1;4;United States of America;1;1;5;19;1964;1;12;1968;-8;-8;-8;-8;-8;-8;-8;7;Pathet Lao;4;170;200;41
756;Second Laotian Phase 1;4;Laos;1;1;3;19;1963;1;12;1968;-8;-8;-8;-8;-8;-8;-8;7;Pathet Lao;4;170;11250;41
756;Second Laotian Phase 1;4;Pathet Lao;2;1;3;19;1963;1;12;1968;-8;-8;-8;-8;-8;-8;-8;7;Pathet Lao;4;170;7250;41
756;Second Laotian Phase 1;4;Vietnam, Democratic Rep.;2;1;3;19;1963;1;12;1968;-8;-8;-8;-8;-8;-8;-8;7;Pathet Lao;4;170;2250;41
757;First Ogaden;5;Somalia;2;1;11;-9;1963;3;30;1964;-8;-8;-8;-8;-8;-8;-8;4;Ogaden;1;-8;-8;41
757;First Ogaden;5;Ogaden;2;1;6;-9;1963;3;30;1964;-8;-8;-8;-8;-8;-8;-8;4;Ogaden;1;-8;-9;41
757;First Ogaden;5;Ethiopia;1;1;6;-9;1963;3;30;1964;-8;-8;-8;-8;-8;-8;-8;4;Ogaden;1;-8;-9;41
758;First South Sudan;5;Anya Nya;2;0;10;1;1963;2;28;1972;-8;-8;-8;-8;-8;-8;-8;6;Anya Nya;3;-8;-9;41
758;First South Sudan;5;Sudan;1;0;10;1;1963;2;28;1972;-8;-8;-8;-8;-8;-8;-8;6;Anya Nya;3;-8;-9;41
760;Second DRC (Jeunesse);5;Juenesse warriors;2;0;10;-9;1963;1;1;1965;-8;-8;-8;-8;-8;-8;-8;4;Juenesse warriors;1;-8;-9;41
760;Second DRC (Jeunesse);5;Congo;1;0;10;-9;1963;1;1;1965;-8;-8;-8;-8;-8;-8;-8;4;Juenesse warriors;1;-8;-9;41
761;First Rwanda;4;Watusi;2;0;11;15;1963;2;6;1964;-8;-8;-8;-8;-8;-8;-8;4;Watusi;1;-8;900;41
761;First Rwanda;4;Rwanda;1;0;11;15;1963;2;6;1964;-8;-8;-8;-8;-8;-8;-8;4;Watusi;1;-8;100;41
762;Third DRC (Simba) Rebellion;4;Belgium;1;1;11;24;1964;9;14;1965;-8;-8;-8;-8;-8;-8;-8;4;Gbenye followers;1;-8;4;41
762;Third DRC (Simba) Rebellion;4;Gbenye followers;2;1;1;1;1964;9;14;1965;-8;-8;-8;-8;-8;-8;-8;4;Gbenye followers;1;-8;4000;41
762;Third DRC (Simba) Rebellion;4;Congo;1;1;1;1;1964;9;14;1965;-8;-8;-8;-8;-8;-8;-8;4;Gbenye followers;1;-8;250;41
763;Zanzibar Arab-African;4;Africans;2;0;1;12;1964;1;15;1964;-8;-8;-8;-8;-8;-8;-8;4;Africans;2;-8;-9;41
763;Zanzibar Arab-African;4;Zanzibar;1;0;1;12;1964;1;15;1964;-8;-8;-8;-8;-8;-8;-8;4;Africans;2;-8;-9;41
765;Second Iraqi Kurds;5;Kurds;2;0;4;3;1965;6;21;1966;-8;-8;-8;-8;-8;-8;-8;6;Iraq;3;-8;2500;41
765;Second Iraqi Kurds;5;Iraq;1;0;4;3;1965;6;21;1966;-8;-8;-8;-8;-8;-8;-8;6;Iraq;3;-8;500;41
766;Dominican Republic;4;United States of America;1;1;4;29;1965;9;6;1965;-8;-8;-8;-8;-8;-8;-8;1;Leftists;7;-8;27;41
766;Dominican Republic;4;Leftists;2;1;4;25;1965;9;6;1965;-8;-8;-8;-8;-8;-8;-8;1;Leftists;7;-8;-9;41
766;Dominican Republic;4;Dominican Republic;1;1;4;25;1965;9;6;1965;-8;-8;-8;-8;-8;-8;-8;1;Leftists;7;-8;2500;41
767;First West Papua;5;OPM, West Papua;2;0;7;26;1965;7;17;1969;-8;-8;-8;-8;-8;-8;-8;7;OPM, West Papua;6;-8;-9;41
767;First West Papua;5;Indonesia;1;0;7;26;1965;7;17;1969;-8;-8;-8;-8;-8;-8;-8;7;OPM, West Papua;6;-8;-9;41
768;First Uganda;5;Buganda Tribe;2;0;5;23;1966;6;1;1966;-8;-8;-8;-8;-8;-8;-8;4;Buganda Tribe;1;-8;-9;41
768;First Uganda;5;Uganda;1;0;5;23;1966;6;1;1966;-8;-8;-8;-8;-8;-8;-8;4;Buganda Tribe;1;-8;-9;41
770;First Guatemala;4;United States;1;1;10;-9;1966;8;-9;1968;-8;-8;-8;-8;-8;-8;-8;1;Leftists;1;-8;28;41
770;First Guatemala;4;Leftists;2;1;10;-9;1966;8;-9;1968;-8;-8;-8;-8;-8;-8;-8;1;Leftists;1;-8;800;41
770;First Guatemala;4;Guatemala;1;1;10;-9;1966;8;-9;1968;-8;-8;-8;-8;-8;-8;-8;1;Leftists;1;-8;200;41
771;First Chad (FROLINAT) Rebellion;5;France;1;1;8;-9;1968;6;16;1971;-8;-8;-8;-8;-8;-8;-8;4;Frolinat Rebels;1;-8;50;41
771;First Chad (FROLINAT) Rebellion;5;Frolinat Rebels;2;1;11;-9;1966;6;16;1971;-8;-8;-8;-8;-8;-8;-8;4;Frolinat Rebels;1;-8;3000;41
771;First Chad (FROLINAT) Rebellion;5;Chad;1;1;11;-9;1966;6;16;1971;-8;-8;-8;-8;-8;-8;-8;4;Frolinat Rebels;1;-8;500;41
772;Cultural Revolution Phase 1;6;Regional military;2;0;1;9;1967;9;4;1967;-8;-8;-8;-8;-8;-8;-8;7;Regional military;4;776;-9;41
772;Cultural Revolution Phase 1;6;Red Guard;1;0;1;9;1967;9;4;1967;-8;-8;-8;-8;-8;-8;-8;7;Regional military;4;776;-9;41
773;Third Burmese;5;Karens & Communists;2;0;6;-9;1967;10;22;1980;-8;-8;-8;-8;-8;-8;-8;7;Karens;7;-8;22400;41
773;Third Burmese;5;Burma;1;0;6;-9;1967;10;22;1980;-8;-8;-8;-8;-8;-8;-8;7;Karens;7;-8;6800;41
775;Biafra;5;Biafrans;2;0;7;6;1967;1;12;1970;-8;-8;-8;-8;-8;-8;-8;4;Nigeria;1;-8;-9;41
775;Biafra;5;Nigeria;1;0;7;6;1967;1;12;1970;-8;-8;-8;-8;-8;-8;-8;4;Nigeria;1;-8;-9;41
776;Cultural Revolution Phase 2;4;Red Guard;2;0;9;5;1967;9;1;1968;-8;-8;-8;-8;-8;-8;772;7;Red Guard;1;-8;-9;41
776;Cultural Revolution Phase 2;4;China;1;0;9;5;1967;9;1;1968;-8;-8;-8;-8;-8;-8;772;7;Red Guard;1;-8;-9;41
777;Third Iraqi Kurds;5;Kurds;2;0;1;3;1969;3;11;1970;-8;-8;-8;-8;-8;-8;-8;6;Iraq;3;-8;3200;41
777;Third Iraqi Kurds;5;Iraq;1;0;1;3;1969;3;11;1970;-8;-8;-8;-8;-8;-8;-8;6;Iraq;3;-8;800;41
778;Naxalite Rebellion;5;Naxalite Marxists;2;0;2;-9;1970;11;-9;1971;-8;-8;-8;-8;-8;-8;-8;7;Naxalite Marxists;1;-8;2000;41
778;Naxalite Rebellion;5;India;1;0;2;-9;1970;11;-9;1971;-8;-8;-8;-8;-8;-8;-8;7;Naxalite Marxists;1;-8;100;41
780;Black September;4;Syria;2;1;9;20;1970;9;23;1970;-8;-8;-8;-8;-8;-8;-8;6;Jordan;1;-8;100;41
780;Black September;4;Palestinians;2;1;9;13;1970;9;24;1970;-8;-8;-8;-8;-8;-8;-8;6;Jordan;1;-8;2690;41
780;Black September;4;Jordan;1;1;9;13;1970;9;24;1970;-8;-8;-8;-8;-8;-8;-8;6;Jordan;1;-8;750;41
781;Second Guatemala;4;Leftists;2;0;11;15;1970;9;15;1971;-8;-8;-8;-8;-8;-8;-8;1;Guatemala;1;-8;950;41
781;Second Guatemala;4;Guatemala;1;0;11;15;1970;9;15;1971;-8;-8;-8;-8;-8;-8;-8;1;Guatemala;1;-8;50;41
782;Pakistan-Bengal;5;Bengalis;2;0;3;25;1971;12;2;1971;-8;-8;-8;-8;-8;-8;-8;7;Pakistan;4;178;-9;41
782;Pakistan-Bengal;5;Pakistan;1;0;3;25;1971;12;2;1971;-8;-8;-8;-8;-8;-8;-8;7;Pakistan;4;178;2500;41
783;First Sri Lanka-JVP;4;Janatha Vimukthi- JVP;2;0;4;6;1971;5;16;1971;-8;-8;-8;-8;-8;-8;-8;7;Janatha Vimukthi- JVP;1;-8;4000;41
783;First Sri Lanka-JVP;4;Sri Lanka;1;0;4;6;1971;5;16;1971;-8;-8;-8;-8;-8;-8;-8;7;Janatha Vimukthi- JVP;1;-8;53;41
785;Khmer Rouge;4;United States of America;1;1;7;3;1971;8;15;1973;-8;-8;-8;-8;-8;-8;176;7;Khmer Rouge;2;-8;375;41
785;Khmer Rouge;4;Khmer Rouge;2;1;7;3;1971;4;17;1975;-8;-8;-8;-8;-8;-8;176;7;Khmer Rouge;2;-8;40000;41
785;Khmer Rouge;4;Cambodia;1;1;7;3;1971;4;17;1975;-8;-8;-8;-8;-8;-8;176;7;Khmer Rouge;2;-8;45000;41
786;First Philippine-Moro;5;MNLF Moros;2;0;1;1;1972;4;19;1981;-8;-8;-8;-8;-8;-8;-8;7;MNLF Moros;1;-8;20000;41
786;First Philippine-Moro;5;Philippines;1;0;1;1;1972;4;19;1981;-8;-8;-8;-8;-8;-8;-8;7;MNLF Moros;1;-8;10000;41
787;Communist Insurgency;4;Communists;2;0;1;-9;1972;10;15;1973;-8;-8;-8;-8;-8;-8;-8;7;Communists;6;-8;700;41
787;Communist Insurgency;4;Thailand;1;0;1;-9;1972;10;15;1973;-8;-8;-8;-8;-8;-8;-8;7;Communists;6;-8;1500;41
788;Eritrean Split;7;EPLF;2;0;2;-9;1972;-9;-9;1974;-8;-8;-8;-8;-8;-8;-8;4;ELF;6;-8;-9;41
788;Eritrean Split;7;ELF;1;0;2;-9;1972;-9;-9;1974;-8;-8;-8;-8;-8;-8;-8;4;ELF;6;-8;-9;41
789;First Burundi;4;Hutu;2;0;4;29;1972;5;25;1972;-8;-8;-8;-8;-8;-8;-8;4;Hutu;1;-8;1500;41
789;First Burundi;4;Burundi;1;0;4;29;1972;5;25;1972;-8;-8;-8;-8;-8;-8;-8;4;Hutu;1;-8;500;41
790;Philippines-NPA;4;NPA;2;0;10;1;1972;12;31;1992;-8;-8;-8;-8;-8;-8;-8;7;NPA;6;-8;22000;41
790;Philippines-NPA;4;Philippines;1;0;10;1;1972;12;31;1992;-8;-8;-8;-8;-8;-8;-8;7;NPA;6;-8;9000;41
791;Rhodesia;4;Patriotic Front;2;0;12;28;1972;12;28;1979;-8;-8;-8;-8;-8;-8;-8;4;Patriotic Front;2;-8;10000;41
791;Rhodesia;4;Rhodesia;1;0;12;28;1972;12;28;1979;-8;-8;-8;-8;-8;-8;-8;4;Patriotic Front;2;-8;1000;41
792;Baluchi Separatists;5;Baluchi Rebels;2;0;1;23;1973;7;-9;1977;-8;-8;-8;-8;-8;-8;-8;7;Baluchi Rebels;1;-8;5300;41
792;Baluchi Separatists;5;Pakistan;1;0;1;23;1973;7;-9;1977;-8;-8;-8;-8;-8;-8;-8;7;Baluchi Rebels;1;-8;3300;41
793;Chilean Coup of 1973;4;Pinochet led military;2;0;9;11;1973;9;15;1973;-8;-8;-8;-8;-8;-8;-8;1;Pinochet;2;-8;3000;41
793;Chilean Coup of 1973;4;Chile;1;0;9;11;1973;9;15;1973;-8;-8;-8;-8;-8;-8;-8;1;Pinochet;2;-8;400;41
795;Dhofar Rebellion Phase 2;5;United Kingdom;1;1;10;-9;1973;12;11;1975;-8;-8;-8;-8;-8;-8;-8;6;Oman;1;-8;35;41
795;Dhofar Rebellion Phase 2;5;Iran;1;1;10;-9;1973;12;11;1975;-8;-8;-8;-8;-8;-8;-8;6;Oman;1;-8;100;41
795;Dhofar Rebellion Phase 2;5;Oman;1;1;10;-9;1973;12;11;1975;-8;-8;-8;-8;-8;-8;-8;6;Oman;1;-8;370;41
795;Dhofar Rebellion Phase 2;5;PFLOAG;2;1;10;-9;1973;12;11;1975;-8;-8;-8;-8;-8;-8;-8;6;Oman;1;-8;2500;41
797;Fourth Iraqi Kurds;5;Iran;2;1;3;18;1974;3;6;1975;-8;-8;-8;-8;-8;-8;-8;6;Iraq;1;-8;-9;41
797;Fourth Iraqi Kurds;5;Kurds;2;1;3;18;1974;4;3;1975;-8;-8;-8;-8;-8;-8;-8;6;Iraq;1;-8;13000;41
797;Fourth Iraqi Kurds;5;Iraq;1;1;3;18;1974;4;3;1975;-8;-8;-8;-8;-8;-8;-8;6;Iraq;1;-8;7000;41
798;Eritrean War;5;Cuba;1;1;12;5;1976;12;-9;1978;-8;-8;-8;-8;-8;-8;-8;4;Eritrean Peo. Lib.;1;-8;-9;41
798;Eritrean War;5;Eritrean Peo. Lib.;2;1;1;31;1975;12;-9;1978;-8;-8;-8;-8;-8;-8;-8;4;Eritrean Peo. Lib.;1;-8;6400;41
798;Eritrean War;5;Ethiopia;1;1;1;31;1975;12;-9;1978;-8;-8;-8;-8;-8;-8;-8;4;Eritrean Peo. Lib.;1;-8;6100;41
800;Argentine Leftists;4;Montoneros, ERP;2;0;2;-9;1975;3;-9;1977;-8;-8;-8;-8;-8;-8;-8;1;Montoneros, ERP;1;-8;2600;41
800;Argentine Leftists;4;Argentina;1;0;2;-9;1975;3;-9;1977;-8;-8;-8;-8;-8;-8;-8;1;Montoneros, ERP;1;-8;250;41
801;Second Lebanese;7;Lebanese National Movement;2;1;4;13;1975;11;15;1976;-8;-8;-8;-8;-8;-8;-8;6;Lebanese National Movement;3;-8;-9;41
801;Second Lebanese;7;Maronite militias;1;1;4;13;1975;11;15;1976;-8;-8;-8;-8;-8;-8;-8;6;Lebanese National Movement;3;-8;-9;41
801;Second Lebanese;7;Syria;1;1;5;31;1976;11;15;1976;-8;-8;-8;-8;-8;-8;-8;6;Lebanese National Movement;3;-8;500;41
802;Second West Papua;5;OPR, West Papua;2;0;1;1;1976;4;14;1978;-8;-8;-8;-8;-8;-8;-8;7;OPR, West Papua;6;-8;2000;41
802;Second West Papua;5;Indonesia;1;0;1;1;1976;4;14;1978;-8;-8;-8;-8;-8;-8;-8;7;OPR, West Papua;6;-8;100;41
803;Third Laotian;5;Hmong;2;1;4;-9;1976;5;-9;1979;-8;-8;-8;-8;-8;-8;-8;7;Hmong;1;-8;5000;41
803;Third Laotian;5;Laos;1;1;4;-9;1976;5;-9;1979;-8;-8;-8;-8;-8;-8;-8;7;Hmong;1;-8;1000;41
803;Third Laotian;5;Vietnam;1;1;1;-9;1976;5;-9;1979;-8;-8;-8;-8;-8;-8;-8;7;Hmong;1;-8;1000;41
804;Angolan Control;4;Cuba;1;1;2;13;1976;5;15;1991;-8;-8;-8;-8;-8;-8;186;4;UNITA;3;-8;5500;41
804;Angolan Control;4;Angola;1;1;2;13;1976;5;15;1991;-8;-8;-8;-8;-8;-8;186;4;UNITA;3;-8;-9;41
804;Angolan Control;4;UNITA;2;1;2;13;1976;5;15;1991;-8;-8;-8;-8;-8;-8;186;4;UNITA;3;-8;-9;41
804;Angolan Control;4;South Africa;2;1;2;13;1976;6;-9;1989;-8;-8;-8;-8;-8;-8;186;4;UNITA;3;-8;800;41
805;Second Ogaden Phase 1;5;Cuba;1;1;7;1;1976;7;22;1977;-8;-8;-8;-8;-8;-8;-8;4;WSLF;4;187;1500;41
805;Second Ogaden Phase 1;5;Somalia;2;1;7;1;1976;7;22;1977;-8;-8;-8;-8;-8;-8;-8;4;WSLF;4;187;1900;41
805;Second Ogaden Phase 1;5;WSLF;2;1;7;1;1976;7;22;1977;-8;-8;-8;-8;-8;-8;-8;4;WSLF;4;187;20000;41
805;Second Ogaden Phase 1;5;Ethiopia;1;1;7;1;1976;7;22;1977;-8;-8;-8;-8;-8;-8;-8;4;WSLF;4;187;9000;41
806;East Timorese War Phase 3;5;Fretilin;2;0;7;18;1976;5;26;1979;-8;-8;-8;-8;-8;-8;472;7;Fretelin;1;-8;-9;41
806;East Timorese War Phase 3;5;Indonesia;1;0;7;18;1976;5;26;1979;-8;-8;-8;-8;-8;-8;472;7;Fretelin;1;-8;1800;41
807;Third Lebanese;7;Lebanese Forces;1;1;2;1;1978;10;4;1978;-8;-8;-8;-8;-8;-8;-8;6;Syria & PLO;6;-8;1500;41
807;Third Lebanese;7;PLO & Shiite militia;2;1;2;1;1978;10;4;1978;-8;-8;-8;-8;-8;-8;-8;6;Syria & PLO;6;-8;800;41
807;Third Lebanese;7;Syria;2;1;2;1;1978;10;4;1978;-8;-8;-8;-8;-8;-8;-8;6;Syria & PLO;6;-8;800;41
807;Third Lebanese;7;Israel;1;1;3;14;1978;10;4;1978;-8;-8;-8;-8;-8;-8;-8;6;Syria & PLO;6;-8;-9;41
808;Second Ogaden Phase 3;5;Cuba;1;1;3;10;1978;12;3;1980;-8;-8;-8;-8;-8;-8;187;4;Ogaden, WSLF;1;-8;-9;41
808;Second Ogaden Phase 3;5;Ethiopia;1;1;3;10;1978;12;3;1980;-8;-8;-8;-8;-8;-8;187;4;Ogaden, WSLF;1;-8;2000;41
808;Second Ogaden Phase 3;5;Ogaden, WSLF;2;1;3;10;1978;12;3;1980;-8;-8;-8;-8;-8;-8;187;4;Ogaden, WSLF;1;-8;20000;41
808;Second Ogaden Phase 3;5;Somalia;2;1;11;22;1980;12;3;1980;-8;-8;-8;-8;-8;-8;187;4;Ogaden, WSLF;1;-8;2000;41
809;Third Guatemala;4;The Democratic Front Against Repression (FDCR);2;0;3;12;1978;4;13;1984;-8;-8;-8;-8;-8;-8;-8;1;Guatemala;1;-8;4750;41
809;Third Guatemala;4;Guatemala;1;0;3;12;1978;4;13;1984;-8;-8;-8;-8;-8;-8;-8;1;Guatemala;1;-8;1250;41
810;Saur Revolution;4;Leftist Military;2;0;4;27;1978;4;28;1978;-8;-8;-8;-8;-8;-8;-8;7;Leftist Military;2;-8;1200;41
810;Saur Revolution;4;Afghanistan;1;0;4;27;1978;4;28;1978;-8;-8;-8;-8;-8;-8;-8;7;Leftist Military;2;-8;1800;41
811;Fourth DRC (Shaba);4;Belgium;1;1;5;20;1978;6;6;1978;-8;-8;-8;-8;-8;-8;-8;4;FNLC;1;-8;-9;41
811;Fourth DRC (Shaba);4;France;1;1;5;18;1978;6;6;1978;-8;-8;-8;-8;-8;-8;-8;4;FNLC;1;-8;5;41
811;Fourth DRC (Shaba);4;FNLC;2;1;5;1;1978;6;6;1978;-8;-8;-8;-8;-8;-8;-8;4;FNLC;1;-8;900;41
811;Fourth DRC (Shaba);4;DRC;1;1;5;1;1978;6;6;1978;-8;-8;-8;-8;-8;-8;-8;4;FNLC;1;-8;100;41
812;First Afghan Mujahideen Uprising;4;Russia;1;1;3;15;1979;2;21;1980;-8;-8;-8;-8;-8;-8;-8;7;Mujahedin;4;476;2000;41
812;First Afghan Mujahideen Uprising;4;Mujahideen;2;1;9;1;1978;2;21;1980;-8;-8;-8;-8;-8;-8;-8;7;Mujahedin;4;476;21200;41
812;First Afghan Mujahideen Uprising;4;Afghanistan;1;1;9;1;1978;2;21;1980;-8;-8;-8;-8;-8;-8;-8;7;Mujahedin;4;476;11800;41
813;Overthrow of the Shah;4;Anti-Shah Coalition;2;0;9;3;1978;2;11;1979;-8;-8;-8;-8;-8;-8;-8;6;Iran;2;-8;1000;41
813;Overthrow of the Shah;4;Iran;1;0;9;3;1978;2;11;1979;-8;-8;-8;-8;-8;-8;-8;6;Iran;2;-8;100;41
815;Sandinista Rebellion;4;Sandinistas;2;0;9;9;1978;7;18;1979;-8;-8;-8;-8;-8;-8;-8;1;Sandinistas;2;-8;3000;41
815;Sandinista Rebellion;4;Nicaragua;1;0;9;9;1978;7;18;1979;-8;-8;-8;-8;-8;-8;-8;1;Sandinistas;2;-8;1000;41
816;Anti-Khomeini Coalition;4;Anti-Khmoneini Coalition: Fedayeen Kalq & Kurds;2;0;2;12;1979;3;-9;1984;-8;-8;-8;-8;-8;-8;-8;6;Coalition;1;-8;-9;41
816;Anti-Khomeini Coalition;4;Iran;1;0;2;12;1979;3;-9;1984;-8;-8;-8;-8;-8;-8;-8;6;Coalition;1;-8;-9;41
817;El Salvador;4;Salvadorean Democratic Front;2;0;7;1;1979;2;1;1992;-8;-8;-8;-8;-8;-8;-8;1;Salvadorean Democratic Front;3;-8;-9;41
817;El Salvador;4;El Salvador;1;0;7;1;1979;2;1;1992;-8;-8;-8;-8;-8;-8;-8;1;Salvadorean Democratic Front;3;-8;-9;41
818;Mozambique;4;Tanzania;1;1;-9;-9;1985;10;4;1992;-8;-8;-8;-8;-8;-8;-8;4;Renamo;1;-8;50;41
818;Mozambique;4;Renamo;2;1;10;21;1979;10;4;1992;-8;-8;-8;-8;-8;-8;-8;4;Renamo;1;-8;-9;41
818;Mozambique;4;Zimbabwe;1;1;-9;-9;1982;10;4;1992;-8;-8;-8;-8;-8;-8;-8;4;Renamo;1;-8;500;41
820;Second Chad (Habre Revolt);5;France;2;1;8;9;1983;9;-9;1984;-8;-8;-8;-8;-8;-8;-8;4;FAN;2;-8;200;41
820;Second Chad (Habre Revolt);5;FAN;2;1;3;22;1980;9;-9;1984;-8;-8;-8;-8;-8;-8;-8;4;FAN;2;-8;1500;41
820;Second Chad (Habre Revolt);5;Chad;1;1;3;22;1980;9;-9;1984;-8;-8;-8;-8;-8;-8;-8;4;FAN;2;-8;3500;41
820;Second Chad (Habre Revolt);5;Libya;1;1;12;-9;1980;10;-9;1981;6;-9;1983;9;-9;1984;-8;4;FAN;2;-8;1000;41
822;Second Uganda;5;National Resistance Army;2;0;12;8;1980;3;19;1986;-8;-8;-8;-8;-8;-8;-8;4;National Resistance Army;2;-8;6000;41
822;Second Uganda;5;Uganda;1;0;12;8;1980;3;19;1986;-8;-8;-8;-8;-8;-8;-8;4;National Resistance Army;2;-8;40000;41
823;Nigeria-Muslim;5;Muslim fundamentalists;2;0;12;18;1980;1;1;1981;-8;-8;-8;-8;-8;-8;-8;4;Muslim fundamentalists;1;-8;1000;41
823;Nigeria-Muslim;5;Nigeria;1;0;12;18;1980;1;1;1981;-8;-8;-8;-8;-8;-8;-8;4;Muslim fundamentalists;1;-8;50;41
825;Hama;4;Muslim Brotherhood;2;0;11;-9;1981;2;23;1982;-8;-8;-8;-8;-8;-8;-8;6;Muslim Brotherhood;1;-8;2000;41
825;Hama;4;Syria;1;0;11;-9;1981;2;23;1982;-8;-8;-8;-8;-8;-8;-8;6;Muslim Brotherhood;1;-8;1000;41
826;Tigrean and Eritrean;5;Tigray & Eritrea;2;0;1;23;1982;5;28;1991;-8;-8;-8;-8;-8;-8;-8;4;Tigray & Eritrea;2;-8;65000;41
826;Tigrean and Eritrean;5;Ethiopia;1;0;1;23;1982;5;28;1991;-8;-8;-8;-8;-8;-8;-8;4;Tigray & Eritrea;2;-8;10000;41
827;Shining Path;4;Shining Path & TARM;2;0;3;4;1982;9;12;1992;-8;-8;-8;-8;-8;-8;-8;1;Shining Path;1;-8;12000;41
827;Shining Path;4;Peru;1;0;3;4;1982;9;12;1992;-8;-8;-8;-8;-8;-8;-8;1;Shining Path;1;-8;4000;41
828;Contra War;4;Contras;2;0;3;18;1982;4;19;1990;-8;-8;-8;-8;-8;-8;-8;1;Contras;6;-8;25200;41
828;Contra War;4;Nicaragua;1;0;3;18;1982;4;19;1990;-8;-8;-8;-8;-8;-8;-8;1;Contras;6;-8;7000;41
831;Matabeleland;4;ZAPU;2;0;1;-9;1983;12;27;1987;-8;-8;-8;-8;-8;-8;-8;4;Zimbabwe;1;-8;-9;41
831;Matabeleland;4;Zimbabwe;1;0;1;-9;1983;12;27;1987;-8;-8;-8;-8;-8;-8;-8;4;Zimbabwe;1;-8;-9;41
832;Fourth Burmese;5;Karen & Kachin Rebels;2;0;2;1;1983;1;-9;1988;-8;-8;-8;-8;-8;-8;-8;7;Kachin Rebels;1;-8;1200;41
832;Fourth Burmese;5;Burma;1;0;2;1;1983;1;-9;1988;-8;-8;-8;-8;-8;-8;-8;7;Kachin Rebels;1;-8;2800;41
833;Fourth Lebanese Civil;4;United States;1;1;4;18;1983;2;29;1984;-8;-8;-8;-8;-8;-8;-8;6;Druze;2;-8;273;41
833;Fourth Lebanese Civil;4;France;1;1;4;18;1983;2;29;1984;-8;-8;-8;-8;-8;-8;-8;6;Druze;2;-8;95;41
833;Fourth Lebanese Civil;4;Shi'ites & Druze;2;1;4;18;1983;2;29;1984;-8;-8;-8;-8;-8;-8;-8;6;Druze;2;-8;-9;41
833;Fourth Lebanese Civil;4;Lebanon;1;1;4;18;1983;2;29;1984;-8;-8;-8;-8;-8;-8;-8;6;Druze;2;-8;-9;41
835;First Sri Lanka Tamil;5;India;1;1;7;25;1987;5;24;1990;-8;-8;-8;-8;-8;-8;-8;7;Tamils;3;-8;1155;41
835;First Sri Lanka Tamil;5;Tamils;2;1;7;25;1983;2;22;2002;-8;-8;-8;-8;-8;-8;-8;7;Tamils;3;-8;17000;41
835;First Sri Lanka Tamil;5;Sri Lanka;1;1;7;25;1983;2;22;2002;-8;-8;-8;-8;-8;-8;-8;7;Tamils;3;-8;8500;41
836;Second South Sudan;4;SPLA-Garang faction;2;0;11;17;1983;8;27;1991;4;15;1992;1;10;2005;-8;6;SPLA-Garang faction;3;-8;-9;41
836;Second South Sudan;4;Sudan;1;0;11;17;1983;8;27;1991;4;15;1992;1;10;2005;-8;6;SPLA-Garang faction;3;-8;-9;41
837;Indian Golden Temple;5;Sikhs;2;0;6;1;1984;7;30;1984;-8;-8;-8;-8;-8;-8;-8;7;India;6;-8;1200;41
837;Indian Golden Temple;5;India;1;0;6;1;1984;7;30;1984;-8;-8;-8;-8;-8;-8;-8;7;India;6;-8;-9;41
838;First Turkish Kurds;5;Kurds, PKK;2;0;8;14;1984;3;-9;1986;-8;-8;-8;-8;-8;-8;-8;6;Kurds, PKK;7;-8;9000;41
838;First Turkish Kurds;5;Turkey;1;0;8;14;1984;3;-9;1986;-8;-8;-8;-8;-8;-8;-8;6;Kurds, PKK;7;-8;1500;41
840;Fifth Iraqi  Kurds;5;Iran;2;1;1;-9;1985;7;17;1988;-8;-8;-8;-8;-8;-8;-8;6;Kurds;1;-8;-8;41
840;Fifth Iraqi  Kurds;5;Kurds;2;1;1;-9;1985;9;6;1988;-8;-8;-8;-8;-8;-8;-8;6;Kurds;1;-8;-9;41
840;Fifth Iraqi  Kurds;5;Iraq;1;1;1;-9;1985;9;6;1988;-8;-8;-8;-8;-8;-8;-8;6;Kurds;1;-8;-9;41
842;South Yemen;4;Leftist Factions;2;0;1;13;1986;1;29;1986;-8;-8;-8;-8;-8;-8;-8;6;PDRY;2;-8;8800;41
842;South Yemen;4;Yemen People's Republic;1;0;1;13;1986;1;29;1986;-8;-8;-8;-8;-8;-8;-8;6;PDRY;2;-8;4200;41
843;Holy Spirit Movement;4;HSMF;2;0;8;-9;1986;10;-9;1987;-8;-8;-8;-8;-8;-8;-8;4;HSMF;1;-8;5000;41
843;Holy Spirit Movement;4;Uganda;1;0;8;-9;1986;10;-9;1987;-8;-8;-8;-8;-8;-8;-8;4;HSMF;1;-8;2000;41
845;Second Sri Lanka-JVP;4;JVP;2;0;7;29;1987;12;29;1989;-8;-8;-8;-8;-8;-8;-8;7;JVP;1;-8;-9;41
845;Second Sri Lanka-JVP;4;Sri Lanka;1;0;7;29;1987;12;29;1989;-8;-8;-8;-8;-8;-8;-8;7;JVP;1;-8;-9;41
846;Inkatha-ANC;7;ANC;2;0;12;20;1987;4;26;1994;-8;-8;-8;-8;-8;-8;-8;4;Inkatha;6;-8;-9;41
846;Inkatha-ANC;7;Inkatha;1;0;12;20;1987;4;26;1994;-8;-8;-8;-8;-8;-8;-8;4;Inkatha;6;-8;-9;41
847;Fifth Burmese;4;Pro-democracy;2;0;3;-9;1988;10;3;1988;-8;-8;-8;-8;-8;-8;-8;7;Pro-democracy;1;-8;-9;41
847;Fifth Burmese;4;Burma;1;0;3;-9;1988;10;3;1988;-8;-8;-8;-8;-8;-8;-8;7;Pro-democracy;1;-8;-9;41
848;First Somalia;4;rebel clans;2;0;5;26;1988;1;26;1991;-8;-8;-8;-8;-8;-8;-8;4;USC;2;-8;-9;41
848;First Somalia;4;Somalia;1;0;5;26;1988;1;26;1991;-8;-8;-8;-8;-8;-8;-8;4;USC;2;-8;-9;41
850;Fifth Lebanese;4;Syria;2;1;2;-9;1989;10;13;1990;-8;-8;-8;-8;-8;-8;-8;6;Lebanon;2;-8;150;41
850;Fifth Lebanese;4;militias;2;1;2;-9;1989;10;13;1990;-8;-8;-8;-8;-8;-8;-8;6;Lebanon;2;-8;2500;41
850;Fifth Lebanese;4;Lebanon;1;1;2;-9;1989;10;13;1990;-8;-8;-8;-8;-8;-8;-8;6;Lebanon;2;-8;-9;41
851;Second Afghan Mujahideen Uprising;4;Mujahadin;2;0;2;16;1989;10;6;2001;-8;-8;-8;-8;-8;-8;476;7;Mujahadin;4;225;-9;41
851;Second Afghan Mujahideen Uprising;4;Afghanistan;1;0;2;16;1989;10;6;2001;-8;-8;-8;-8;-8;-8;476;7;Mujahadin;4;225;-9;41
852;Third Chad (Deby Coup);4;Deby's MPS;2;0;3;-9;1989;12;4;1990;-8;-8;-8;-8;-8;-8;-8;4;Deby;2;-8;800;41
852;Third Chad (Deby Coup);4;Chad;1;0;3;-9;1989;12;4;1990;-8;-8;-8;-8;-8;-8;-8;4;Deby;2;-8;3000;41
853;First Aceh;5;GAM;2;0;6;-9;1989;6;-9;1991;-8;-8;-8;-8;-8;-8;-8;7;GAM;1;-8;-9;41
853;First Aceh;5;Indonesia;1;0;6;-9;1989;6;-9;1991;-8;-8;-8;-8;-8;-8;-8;7;GAM;1;-8;-9;41
854;Bougainville Secession;5;BRA;2;0;7;14;1989;9;-9;1992;-8;-8;-8;-8;-8;-8;-8;7;P.N.G.;7;-8;-9;41
854;Bougainville Secession;5;Papua New Guinea;1;0;7;14;1989;9;-9;1992;-8;-8;-8;-8;-8;-8;-8;7;P.N.G.;7;-8;-9;41
856;Eighth Colombia;5;FARC & Drug Lords;2;0;8;19;1989;-7;-7;-7;-8;-8;-8;-8;-8;-8;-8;1;Drug Lords & FARC;5;-8;17.681;41
856;Eighth Colombia;5;Colombia;1;0;8;19;1989;-7;-7;-7;-8;-8;-8;-8;-8;-8;-8;1;Drug Lords & FARC;5;-8;10.48;41
857;First Cambodian Civil War;4;Khmer Rouge & KPNFL;2;0;9;26;1989;10;23;1991;-8;-8;-8;-8;-8;-8;475;7;Khmer Rouge & KPNFL;3;-8;-9;41
857;First Cambodian Civil War;4;Cambodia;1;0;9;26;1989;10;23;1991;-8;-8;-8;-8;-8;-8;475;7;Khmer Rouge & KPNFL;3;-8;-9;41
858;Romania;4;Anti-Ceaucescu Rebels;2;0;12;18;1989;12;26;1989;-8;-8;-8;-8;-8;-8;-8;2;Anti-Ceaucescu Rebels;2;-8;700;41
858;Romania;4;Romania;1;0;12;18;1989;12;26;1989;-8;-8;-8;-8;-8;-8;-8;2;Anti-Ceaucescu Rebels;2;-8;300;41
860;First Liberia;4;NPFL;2;1;12;24;1989;11;28;1990;-8;-8;-8;-8;-8;-8;-8;4;NPFL;7;-8;-9;41
860;First Liberia;4;Liberia;1;1;12;24;1989;11;28;1990;-8;-8;-8;-8;-8;-8;-8;4;NPFL;7;-8;-9;41
860;First Liberia;4;Nigeria;1;1;11;-9;1990;11;28;1990;-8;-8;-8;-8;-8;-8;-8;4;NPFL;7;-8;0;41
861;Kashmir Insurgents;5;Kashmiri Guerillas;2;0;9;19;1990;10;8;2005;-8;-8;-8;-8;-8;-8;-8;7;Kashmiri Guerillas;7;-8;21700;41
861;Kashmir Insurgents;5;India;1;0;9;19;1990;10;8;2005;-8;-8;-8;-8;-8;-8;-8;7;Kashmiri Guerillas;7;-8;6000;41
862;Shiite and Kurdish;5;Shiites & Kurds;2;0;3;1;1991;3;31;1991;-8;-8;-8;-8;-8;-8;-8;6;Shiites;1;-8;-9;41
862;Shiite and Kurdish;5;Iraq;1;0;3;1;1991;3;31;1991;-8;-8;-8;-8;-8;-8;-8;6;Shiites;1;-8;-9;41
863;First Sierra Leone;4;RUF;2;0;3;23;1991;4;23;1996;-8;-8;-8;-8;-8;-8;-8;4;RUF;1;-8;-9;41
863;First Sierra Leone;4;Sierra Leone;1;0;3;23;1991;4;23;1996;-8;-8;-8;-8;-8;-8;-8;4;RUF;1;-8;-9;41
864;Croatian Independence;5;Croatia;2;0;5;2;1991;1;2;1992;-8;-8;-8;-8;-8;-8;-8;2;Yugoslavia;2;-8;-9;41
864;Croatian Independence;5;Yugoslavia;1;0;5;2;1991;1;2;1992;-8;-8;-8;-8;-8;-8;-8;2;Yugoslavia;2;-8;-9;41
865;Second Turkish Kurds;5;Kurds, PKK;2;0;7;10;1991;2;16;1999;-8;-8;-8;-8;-8;-8;-8;6;Kurds, PKK;6;-8;13000;41
865;Second Turkish Kurds;5;Turkey;1;0;7;10;1991;2;16;1999;-8;-8;-8;-8;-8;-8;-8;6;Kurds, PKK;6;-8;3500;41
866;The SPLA Division (Dinka-Nuer) War;7;Nuer faction;2;0;8;28;1991;11;-9;1992;-8;-8;-8;-8;-8;-8;-8;4;Nuer faction;7;-8;-9;41
866;The SPLA Division (Dinka-Nuer) War;7;Garang faction;1;0;8;28;1991;11;-9;1992;-8;-8;-8;-8;-8;-8;-8;4;Nuer faction;7;-8;-9;41
868;Jukun-Tiv War;7;Tiv;2;0;10;-9;1991;3;-9;1992;-8;-8;-8;-8;-8;-8;-8;4;Tiv;6;-8;-9;41
868;Jukun-Tiv War;7;Jukun;1;0;10;-9;1991;3;-9;1992;-8;-8;-8;-8;-8;-8;-8;4;Tiv;6;-8;-9;41
870;Second Somalia;4;Nigeria;1;1;12;13;1992;3;1;1995;-8;-8;-8;-8;-8;-8;-8;4;Aideed Faction;3;-8;-9;41
870;Second Somalia;4;Aideed Faction;2;1;11;-9;1991;1;-9;1997;-8;-8;-8;-8;-8;-8;-8;4;Aideed Faction;3;-8;-9;41
870;Second Somalia;4;Somalia;1;1;11;-9;1991;1;-9;1997;-8;-8;-8;-8;-8;-8;-8;4;Aideed Faction;3;-8;-9;41
870;Second Somalia;4;Pakistan;1;1;12;13;1992;3;1;1995;-8;-8;-8;-8;-8;-8;-8;4;Aideed Faction;3;-8;24;41
870;Second Somalia;4;Australia;1;1;12;13;1992;3;1;1995;-8;-8;-8;-8;-8;-8;-8;4;Aideed Faction;3;-8;-9;41
870;Second Somalia;4;France;1;1;12;13;1992;3;1;1995;-8;-8;-8;-8;-8;-8;-8;4;Aideed Faction;3;-8;2;41
870;Second Somalia;4;United States of America;1;1;12;13;1992;3;25;1994;-8;-8;-8;-8;-8;-8;-8;4;Aideed Faction;3;-8;44;41
870;Second Somalia;4;Italy;1;1;12;13;1992;3;1;1995;-8;-8;-8;-8;-8;-8;-8;4;Aideed Faction;3;-8;-9;41
871;Georgia;4;Reform;2;0;12;26;1991;3;-9;1992;-8;-8;-8;-8;-8;-8;-8;2;Reform;2;-8;-9;41
871;Georgia;4;Georgia;1;0;12;26;1991;3;-9;1992;-8;-8;-8;-8;-8;-8;-8;2;Reform;2;-8;-9;41
872;Nagorno-Karabakh;5;Armenia;2;1;12;26;1991;2;5;1993;-8;-8;-8;-8;-8;-8;-8;2;Nagorno-Karabakh;4;216;1000;41
872;Nagorno-Karabakh;5;Nagorno-Karabakh;2;1;12;26;1991;2;5;1993;-8;-8;-8;-8;-8;-8;-8;2;Nagorno-Karabakh;4;216;3000;41
872;Nagorno-Karabakh;5;Azerbaijan;1;1;12;26;1991;2;5;1993;-8;-8;-8;-8;-8;-8;-8;2;Nagorno-Karabakh;4;216;7000;41
873;Dniestrian Independence;5;Dniestria;2;0;12;26;1991;7;2;1992;-8;-8;-8;-8;-8;-8;-8;2;Dniestria;3;-8;-9;41
873;Dniestrian Independence;5;Moldova;1;0;12;26;1991;7;2;1992;-8;-8;-8;-8;-8;-8;-8;2;Dniestria;3;-8;-9;41
875;Algerian Islamic Front;4;Islamic Front;2;0;2;7;1992;6;-9;1999;-8;-8;-8;-8;-8;-8;-8;6;Algeria;3;-8;-9;41
875;Algerian Islamic Front;4;Algeria;1;0;2;7;1992;6;-9;1999;-8;-8;-8;-8;-8;-8;-8;6;Algeria;3;-8;-9;41
876;Tajikistan;4;Russia;1;1;3;-9;1993;6;27;1997;-8;-8;-8;-8;-8;-8;-8;7;United Tajik Opposition;3;-8;-9;41
876;Tajikistan;4;Tadzhikistan;1;1;5;1;1992;6;27;1997;-8;-8;-8;-8;-8;-8;-8;7;United Tajik Opposition;3;-8;-9;41
876;Tajikistan;4;United Tajik Opposition;2;1;5;1;1992;6;27;1997;-8;-8;-8;-8;-8;-8;-8;7;United Tajik Opposition;3;-8;-9;41
877;Bosnian-Serb Rebellion;5;Bosnia;1;1;6;6;1992;12;31;1994;3;20;1995;12;14;1995;215;2;Bosnian Serbs;1;-8;27500;41
877;Bosnian-Serb Rebellion;5;Bosnian Serbs;2;1;6;6;1992;12;31;1994;3;20;1995;12;14;1995;215;2;Bosnian Serbs;1;-8;18543;41
877;Bosnian-Serb Rebellion;5;United States;1;1;8;30;1995;9;20;1995;-8;-8;-8;-8;-8;-8;215;2;Bosnian Serbs;1;-8;0;41
877;Bosnian-Serb Rebellion;5;Croatia;2;1;2;23;1994;12;31;1994;3;20;1995;12;14;1995;215;2;Bosnian Serbs;1;-8;185;41
877;Bosnian-Serb Rebellion;5;Croatia;1;1;10;19;1992;2;22;1994;-8;-8;-8;-8;-8;-8;215;2;Bosnian Serbs;1;-8;-9;41
878;Second Liberia;4;NPFL & ULIMO;2;1;10;15;1992;8;19;1995;-8;-8;-8;-8;-8;-8;-8;4;NPFL & ULIMO;3;-8;-9;41
878;Second Liberia;4;Liberia;1;1;10;15;1992;8;19;1995;-8;-8;-8;-8;-8;-8;-8;4;NPFL & ULIMO;3;-8;-9;41
878;Second Liberia;4;Nigeria;1;1;10;15;1992;12;31;1992;-8;-8;-8;-8;-8;-8;-8;4;NPFL & ULIMO;3;-8;-9;41
880;Angolan War of the Cities;4;UNITA;2;0;10;28;1992;11;15;1994;-8;-8;-8;-8;-8;-8;-8;4;UNITA;3;-8;-9;41
880;Angolan War of the Cities;4;Angola;1;0;10;28;1992;11;15;1994;-8;-8;-8;-8;-8;-8;-8;4;UNITA;3;-8;-9;41
881;Second Cambodia Civil;4;Khmer Rouge;2;0;1;29;1993;7;1;1997;-8;-8;-8;-8;-8;-8;-8;7;Khmer Rouge;1;-8;-9;41
881;Second Cambodia Civil;4;Cambodia;1;0;1;29;1993;7;1;1997;-8;-8;-8;-8;-8;-8;-8;7;Khmer Rouge;1;-8;-9;41
882;Abkhazia Revolt;5;Abkhazia;2;0;8;18;1993;4;14;1994;-8;-8;-8;-8;-8;-8;-8;2;Georgia;2;-8;3000;41
882;Abkhazia Revolt;5;Georgia;1;0;8;18;1993;4;14;1994;-8;-8;-8;-8;-8;-8;-8;2;Georgia;2;-8;5000;41
883;Second Burundi;4;Tutsi army;2;0;10;21;1993;6;-9;1998;-8;-8;-8;-8;-8;-8;-8;4;Tutsi army;7;-8;-9;41
883;Second Burundi;4;Burundi;1;0;10;21;1993;6;-9;1998;-8;-8;-8;-8;-8;-8;-8;4;Tutsi army;7;-8;-9;41
885;South Yemeni Secessionist;5;South Yemen;2;0;2;21;1994;7;7;1994;-8;-8;-8;-8;-8;-8;-8;6;South Yemen;1;-8;-9;41
885;South Yemeni Secessionist;5;Yemen;1;0;2;21;1994;7;7;1994;-8;-8;-8;-8;-8;-8;-8;6;South Yemen;1;-8;-9;41
886;Second Rwanda;4;Patriotic Front;2;0;4;6;1994;7;18;1994;-8;-8;-8;-8;-8;-8;-8;4;Patriotic Front;2;-8;-9;41
886;Second Rwanda;4;Rwanda;1;0;4;6;1994;7;18;1994;-8;-8;-8;-8;-8;-8;-8;4;Patriotic Front;2;-8;-9;41
888;First Chechnya;5;Chechnya;2;0;12;11;1994;8;31;1996;-8;-8;-8;-8;-8;-8;-8;2;Chechnya;2;-8;6000;41
888;First Chechnya;5;Russia;1;0;12;11;1994;8;31;1996;-8;-8;-8;-8;-8;-8;-8;2;Chechnya;2;-8;4000;41
890;Iraqi Kurd Internecine;7;KDP;2;0;12;20;1994;8;11;1995;-8;-8;-8;-8;-8;-8;-8;6;KDP;6;-8;-9;41
890;Iraqi Kurd Internecine;7;PUK;1;0;12;20;1994;8;11;1995;-8;-8;-8;-8;-8;-8;-8;6;KDP;6;-8;-9;41
891;Croatia-Krajina War;5;Krajinia Serbs;2;0;5;-9;1995;11;-9;1995;-8;-8;-8;-8;-8;-8;-8;2;Krajinian Serba;1;-8;-9;41
891;Croatia-Krajina War;5;Croatia;1;0;5;-9;1995;11;-9;1995;-8;-8;-8;-8;-8;-8;-8;2;Krajinian Serba;1;-8;-9;41
892;Third Liberia;4;NPFL;2;0;4;5;1996;8;20;1996;-8;-8;-8;-8;-8;-8;-8;4;National Patriotic Forces;3;-8;-9;41
892;Third Liberia;4;Liberia;1;0;4;5;1996;8;20;1996;-8;-8;-8;-8;-8;-8;-8;4;National Patriotic Forces;3;-8;-9;41
893;Sixth Iraqi Kurds;5;PUK;2;0;8;31;1996;10;23;1996;-8;-8;-8;-8;-8;-8;-8;6;PUK;6;-8;-9;41
893;Sixth Iraqi Kurds;5;Iraq;1;0;8;31;1996;10;23;1996;-8;-8;-8;-8;-8;-8;-8;6;PUK;6;-8;-9;41
895;Fifth DRC;4;Uganda;2;1;1;1;1997;1;30;1997;-8;-8;-8;-8;-8;-8;-8;4;Kabila-ADFL;2;-8;-8;41
895;Fifth DRC;4;Rwanda;2;1;1;1;1997;5;17;1997;-8;-8;-8;-8;-8;-8;-8;4;Kabila-ADFL;2;-8;-8;41
895;Fifth DRC;4;Angola;2;1;4;28;1997;5;17;1997;-8;-8;-8;-8;-8;-8;-8;4;Kabila-ADFL;2;-8;-8;41
895;Fifth DRC;4;ADFL;2;1;10;8;1996;5;17;1997;-8;-8;-8;-8;-8;-8;-8;4;Kabila-ADFL;2;-8;-9;41
895;Fifth DRC;4;DRC;1;1;10;8;1996;5;17;1997;-8;-8;-8;-8;-8;-8;-8;4;Kabila-ADFL;2;-8;-9;41
896;Third Rwanda;4;Hutu rebels;2;0;3;17;1997;10;30;1998;-8;-8;-8;-8;-8;-8;-8;4;Hutu rebels;1;-8;3000;41
896;Third Rwanda;4;Rwanda;1;0;3;17;1997;10;30;1998;-8;-8;-8;-8;-8;-8;-8;4;Hutu rebels;1;-8;300;41
897;First Congo (Brazzaville);4;Angola;2;1;10;10;1997;10;15;1997;-8;-8;-8;-8;-8;-8;-8;4;FDU (Cobra militia);2;-8;-8;41
897;First Congo (Brazzaville);4;FDU (Cobra militia);2;1;6;5;1997;10;15;1997;-8;-8;-8;-8;-8;-8;-8;4;FDU (Cobra militia);2;-8;-9;41
897;First Congo (Brazzaville);4;Congo;1;1;6;5;1997;10;15;1997;-8;-8;-8;-8;-8;-8;-8;4;FDU (Cobra militia);2;-8;-9;41
898;Second Sierra Leone;4;Sierra Leone;1;1;2;6;1998;7;7;1999;5;11;2000;11;10;2000;-8;4;Kabbah faction;2;-8;-9;41
898;Second Sierra Leone;4;Kabbah faction;2;1;2;6;1998;7;7;1999;5;11;2000;11;10;2000;-8;4;Kabbah faction;2;-8;-9;41
898;Second Sierra Leone;4;Ghana;2;1;2;6;1998;7;7;1999;5;11;2000;11;10;2000;-8;4;Kabbah faction;2;-8;-8;41
898;Second Sierra Leone;4;Nigeria;2;1;2;6;1998;7;7;1999;5;11;2000;11;10;2000;-8;4;Kabbah faction;2;-8;-8;41
898;Second Sierra Leone;4;Guinea;2;1;2;6;1998;7;7;1999;5;11;2000;11;10;2000;-8;4;Kabbah faction;2;-8;-8;41
898;Second Sierra Leone;4;United Kingdom;2;1;5;8;2000;11;10;2000;-8;-8;-8;-8;-8;-8;-8;4;Kabbah faction;2;-8;-8;41
900;Kosovo Independence;5;KLA;2;0;2;28;1998;3;23;1999;-8;-8;-8;-8;-8;-8;-8;2;Yugoslavia;4;221;800;41
900;Kosovo Independence;5;Yugoslavia;1;0;2;28;1998;3;23;1999;-8;-8;-8;-8;-8;-8;-8;2;Yugoslavia;4;221;400;41
902;Guinea-Bissau Military;4;Guinea;1;1;6;9;1998;11;1;1998;-8;-8;-8;-8;-8;-8;-8;4;Man Junta;2;-8;-9;41
902;Guinea-Bissau Military;4;Man Junta;2;1;6;7;1998;5;6;1999;-8;-8;-8;-8;-8;-8;-8;4;Man Junta;2;-8;-9;41
902;Guinea-Bissau Military;4;Guinea-Bissau;1;1;6;7;1998;5;6;1999;-8;-8;-8;-8;-8;-8;-8;4;Man Junta;2;-8;-9;41
902;Guinea-Bissau Military;4;Senegal;1;1;6;9;1998;11;1;1998;-8;-8;-8;-8;-8;-8;-8;4;Man Junta;2;-8;-9;41
905;Africa's World War;4;Angola;1;1;8;24;1998;11;4;2002;-8;-8;-8;-8;-8;-8;-8;4;;3;-8;-9;41
905;Africa's World War;4;Sudan;1;1;9;17;1998;7;22;2002;-8;-8;-8;-8;-8;-8;-8;4;;3;-8;-9;41
905;Africa's World War;4;Namibia;1;1;8;28;1998;8;4;2001;-8;-8;-8;-8;-8;-8;-8;4;;3;-8;-9;41
905;Africa's World War;4;Zimbabwe;1;1;8;21;1998;9;13;2002;-8;-8;-8;-8;-8;-8;-8;4;;3;-8;-9;41
905;Africa's World War;4;Rwanda;2;1;8;11;1998;7;22;2002;-8;-8;-8;-8;-8;-8;-8;4;;3;-8;-8;41
905;Africa's World War;4;Burundi;2;1;9;17;1998;7;22;2002;-8;-8;-8;-8;-8;-8;-8;4;;3;-8;-8;41
905;Africa's World War;4;Uganda;2;1;8;26;1998;7;22;2002;-8;-8;-8;-8;-8;-8;-8;4;;3;-8;-8;41
905;Africa's World War;4;Chad;1;1;9;30;1998;4;18;1999;-8;-8;-8;-8;-8;-8;-8;4;;3;-8;-9;41
905;Africa's World War;4;RCD, MLC, et al;2;1;8;2;1998;12;17;2002;-8;-8;-8;-8;-8;-8;-8;4;RCD, MLC, et al;3;-8;-9;41
905;Africa's World War;4;Democratic Republic of Congo;1;1;8;2;1998;12;17;2002;-8;-8;-8;-8;-8;-8;-8;4;RCD, MLC, et al;3;-8;-9;41
906;Fourth Chad (Togoimi Revolt);4;MDD & MDJT;2;0;10;16;1998;4;28;2000;-8;-8;-8;-8;-8;-8;-8;4;MDD & MDJT;7;-8;-9;41
906;Fourth Chad (Togoimi Revolt);4;Chad;1;0;10;16;1998;4;28;2000;-8;-8;-8;-8;-8;-8;-8;4;MDD & MDJT;7;-8;-9;41
907;Third Angolan;4;UNITA;2;0;12;4;1998;2;22;2002;-8;-8;-8;-8;-8;-8;-8;4;Angola;1;-8;-9;41
907;Third Angolan;4;Angola;1;0;12;4;1998;2;22;2002;-8;-8;-8;-8;-8;-8;-8;4;Angola;1;-8;-9;41
908;Second Congo (Brazzaville);4;Ninjas and Cocoye militias;2;0;12;15;1998;11;16;1999;-8;-8;-8;-8;-8;-8;-8;4;Ninjas and Cocoye militias;1;-8;-9;41
908;Second Congo (Brazzaville);4;Congo (Brazzaville);1;0;12;15;1998;11;16;1999;-8;-8;-8;-8;-8;-8;-8;4;Ninjas and Cocoye militias;1;-8;-9;41
910;Moluccas Sectarian;7;FKM & RMS;2;0;1;-9;1999;8;22;2000;-8;-8;-8;-8;-8;-8;-8;7;Laskar Jihad;7;-8;1800;41
910;Moluccas Sectarian;7;Laskar Jihad;1;0;1;-9;1999;8;22;2000;-8;-8;-8;-8;-8;-8;-8;7;Laskar Jihad;7;-8;-9;41
911;First Nigeria Christian-Muslim;7;Muslim Fulani;2;0;5;-9;1999;5;31;2000;-8;-8;-8;-8;-8;-8;-8;4;Muslim Fulani;1;-8;-9;41
911;First Nigeria Christian-Muslim;7;Christian Tarok;1;0;5;-9;1999;5;31;2000;-8;-8;-8;-8;-8;-8;-8;4;Muslim Fulani;1;-8;-9;41
912;Second Aceh;5;GAM;2;0;5;3;1999;12;9;2002;-8;-8;-8;-8;-8;-8;-8;7;GAM;3;-8;3500;41
912;Second Aceh;5;Indonesia;1;0;5;3;1999;12;9;2002;-8;-8;-8;-8;-8;-8;-8;7;GAM;3;-8;330;41
913;Oromo Liberation;5;Oromo Lib. Front;2;0;5;30;1999;8;18;1999;-8;-8;-8;-8;-8;-8;-8;4;Oromo Lib. Front;1;-8;800;41
913;Oromo Liberation;5;Ethiopia;1;0;5;30;1999;8;18;1999;-8;-8;-8;-8;-8;-8;-8;4;Oromo Lib. Front;1;-8;200;41
915;Second Chechen;5;Chechnya;2;0;8;7;1999;10;3;2003;-8;-8;-8;-8;-8;-8;-8;2;Cechnya;1;-8;15000;41
915;Second Chechen;5;Russia;1;0;8;7;1999;10;3;2003;-8;-8;-8;-8;-8;-8;-8;2;Cechnya;1;-8;5000;41
916;Second Philippine-Moro;5;MILF;2;0;4;23;2000;6;22;2001;-8;-8;-8;-8;-8;-8;-8;7;Phillippines;3;-8;-9;41
916;Second Philippine-Moro;5;Philippines;1;0;4;23;2000;6;22;2001;-8;-8;-8;-8;-8;-8;-8;7;Phillippines;3;-8;-9;41
917;Guinean;4;RDFG;2;0;9;11;2000;4;-9;2001;-8;-8;-8;-8;-8;-8;-8;4;RDFG;6;-8;-9;41
917;Guinean;4;Guinea ;1;0;9;11;2000;4;-9;2001;-8;-8;-8;-8;-8;-8;-8;4;RDFG;6;-8;-9;41
918;Third Burundi;4;FNL & FROLINA;2;0;3;21;2001;10;8;2003;-8;-8;-8;-8;-8;-8;-8;4;FNL;3;-8;3000;41
918;Third Burundi;4;Burundi;1;0;3;21;2001;10;8;2003;-8;-8;-8;-8;-8;-8;-8;4;FNL;3;-8;150;41
920;Fourth Rwanda;4;Army for the Liberation of Rwanda;2;0;5;21;2001;9;4;2001;-8;-8;-8;-8;-8;-8;-8;4;ALIR;1;-8;1800;41
920;Fourth Rwanda;4;Rwanda;1;0;5;21;2001;9;4;2001;-8;-8;-8;-8;-8;-8;-8;4;ALIR;1;-8;-9;41
921;First Nepal Maoist Insurgency;4;CPN;2;0;11;23;2001;1;29;2003;-8;-8;-8;-8;-8;-8;-8;7;CPN;6;-8;3100;41
921;First Nepal Maoist Insurgency;4;Nepal ;1;0;11;23;2001;1;29;2003;-8;-8;-8;-8;-8;-8;-8;7;CPN;6;-8;680;41
922;Fourth Liberian;4;LURD & MODEL;2;0;2;-9;2002;8;11;2003;-8;-8;-8;-8;-8;-8;-8;4;LURD & MODEL;2;-8;-9;41
922;Fourth Liberian;4;Liberia;1;0;2;-9;2002;8;11;2003;-8;-8;-8;-8;-8;-8;-8;4;LURD & MODEL;2;-8;-9;41
923;Ethiopian Anyuaa-Nuer;7;Nuer;2;0;8;-9;2002;1;-9;2003;-8;-8;-8;-8;-8;-8;-8;4;Nuer;7;-8;-9;41
923;Ethiopian Anyuaa-Nuer;7;Anyuaa;1;0;8;-9;2002;1;-9;2003;-8;-8;-8;-8;-8;-8;-8;4;Nuer;7;-8;-9;41
925;Cote d'Ivoire Military;4;France;1;1;12;11;2002;11;16;2004;-8;-8;-8;-8;-8;-8;-8;4;MPCI, MPIGO, MJP;2;-8;9;41
925;Cote d'Ivoire Military;4;Cote d'Ivoire;1;1;9;19;2002;11;16;2004;-8;-8;-8;-8;-8;-8;-8;4;MPCI, MPIGO, MJP;2;-8;200;41
925;Cote d'Ivoire Military;4;MPCI, MPIGO, MJP;2;1;9;19;2002;11;16;2004;-8;-8;-8;-8;-8;-8;-8;4;MPCI, MPIGO, MJP;2;-8;2500;41
926;Third Philippine-Moro;5;MILF & ASG;2;0;2;11;2003;7;-9;2003;-8;-8;-8;-8;-8;-8;-8;7;Phillippines;7;-8;590;41
926;Third Philippine-Moro;5;Phillippines;1;0;2;11;2003;7;-9;2003;-8;-8;-8;-8;-8;-8;-8;7;Phillippines;7;-8;410;41
927;Darfur;5;SLA & JEM;2;0;2;26;2003;12;11;2006;-8;-8;-8;-8;-8;-8;-8;6;SLA;6;-8;-9;41
927;Darfur;5;Sudan;1;0;2;26;2003;12;11;2006;-8;-8;-8;-8;-8;-8;-8;6;SLA;6;-8;-9;41
930;Third Aceh;5;GAM;2;0;5;18;2003;11;18;2003;-8;-8;-8;-8;-8;-8;-8;7;Indonesia;1;-8;1400;41
930;Third Aceh;5;Indonesia;1;0;5;18;2003;11;18;2003;-8;-8;-8;-8;-8;-8;-8;7;Indonesia;1;-8;150;41
931;Second Nepal Maoists;4;CPN;2;0;8;27;2003;4;26;2006;-8;-8;-8;-8;-8;-8;-8;7;CPN;3;-8;5770;41
931;Second Nepal Maoists;4;Nepal;1;0;8;27;2003;4;26;2006;-8;-8;-8;-8;-8;-8;-8;7;CPN;3;-8;1260;41
932;Waziristan;5;United States;1;1;2;20;2004;9;5;2006;-8;-8;-8;-8;-8;-8;-8;7;US & Pakistan;2;-8;-9;41
932;Waziristan;5;Waziri tribes;2;1;2;20;2004;9;5;2006;-8;-8;-8;-8;-8;-8;-8;7;US & Pakistan;2;-8;1800;41
932;Waziristan;5;Pakistan;1;1;2;20;2004;9;5;2006;-8;-8;-8;-8;-8;-8;-8;7;US & Pakistan;2;-8;1200;41
933;Second Nigeria Christian-Muslim;7;Muslim Fulani;2;0;3;-9;2004;9;16;2004;-8;-8;-8;-8;-8;-8;-8;4;Muslim Fulani;6;-8;-9;41
933;Second Nigeria Christian-Muslim;7;Christian Tarok;1;0;3;-9;2004;9;16;2004;-8;-8;-8;-8;-8;-8;-8;4;Muslim Fulani;6;-8;-9;41
935;First Yemeni Cleric;4;Zaidi Muslims;2;0;6;21;2004;4;8;2005;-8;-8;-8;-8;-8;-8;-8;6;Zaidi Muslims;1;-8;1350;41
935;First Yemeni Cleric;4;Yemen;1;0;6;21;2004;4;8;2005;-8;-8;-8;-8;-8;-8;-8;6;Zaidi Muslims;1;-8;900;41
936;Philippine Joint Offensive;5;MILF & NPA;2;0;1;17;2005;7;11;2006;-8;-8;-8;-8;-8;-8;-8;7;Phillippines;7;-8;2100;41
936;Philippine Joint Offensive;5;Phillippines;1;0;1;17;2005;7;11;2006;-8;-8;-8;-8;-8;-8;-8;7;Phillippines;7;-8;723;41
937;Fifth Chad;4;FUDC;2;0;12;18;2005;12;20;2006;-8;-8;-8;-8;-8;-8;-8;4;FUDC;1;-8;1000;41
937;Fifth Chad;4;Chad;1;0;12;18;2005;12;20;2006;-8;-8;-8;-8;-8;-8;-8;4;FUDC;1;-8;100;41
938;Third Somalia;4;United States;1;1;1;7;2007;6;3;2007;-8;-8;-8;-8;-8;-8;-8;4;SCIC;1;-8;-9;41
938;Third Somalia;4;SCIC;2;1;3;6;2006;6;1;2008;-8;-8;-8;-8;-8;-8;-8;4;SCIC;1;-8;-9;41
938;Third Somalia;4;Somalia;1;1;3;6;2006;6;1;2008;-8;-8;-8;-8;-8;-8;-8;4;SCIC;1;-8;-9;41
938;Third Somalia;4;Ethiopia;1;1;10;9;2006;6;11;2008;-8;-8;-8;-8;-8;-8;-8;4;SCIC;1;-8;-9;41
938;Third Somalia;4;Eritrea;2;1;10;19;2006;6;11;2008;-8;-8;-8;-8;-8;-8;-8;4;SCIC;1;-8;-8;41
940;Second Sri Lanka Tamil;5;LTTE;2;0;10;11;2006;-7;-7;-7;-8;-8;-8;-8;-8;-8;-8;7;Sri Lanka;5;-8;-9;41
940;Second Sri Lanka Tamil;5;Sri Lanka;1;0;10;11;2006;-7;-7;-7;-8;-8;-8;-8;-8;-8;-8;7;Sri Lanka;5;-8;-9;41
941;Second Yemeni Cleric;4;Zaidi Muslims;2;0;1;29;2007;6;16;2007;-8;-8;-8;-8;-8;-8;-8;6;Zaidi Muslims;6;-8;2000;41
941;Second Yemeni Cleric;4;Yemen;1;0;1;29;2007;6;16;2007;-8;-8;-8;-8;-8;-8;-8;6;Zaidi Muslims;6;-8;1500;41
