WarNum;WarName;WarType;ccode;SideA;SIDE;Intnl;StartMonth1;StartDay1;StartYear1;EndMonth1;EndDay1;EndYear1;StartMonth2;StartDay2;StartYear2;EndMonth2;EndDay2;EndYear2;TransFrom;WhereFought;Initiator;Outcome;TransTo;SideADeaths;Version
500;First Caucasus;5;-8;Georgians, Dhagestania, Chechens;2;0;6;10;1818;-9;-9;1822;-8;-8;-8;-8;-8;-8;-8;2;2;1;-8;6000;41
500;First Caucasus;5;365;Russia;1;0;6;10;1818;-9;-9;1822;-8;-8;-8;-8;-8;-8;-8;2;2;1;-8;5000;41
501;Sidon-Damascus;6;-8;Damascus & Aleppo;1;0;6;-9;1820;7;21;1821;-8;-8;-8;-8;-8;-8;-8;6;2;2;-8;-9;41
501;Sidon-Damascus;6;-8;Sidon;2;0;6;-9;1820;7;21;1821;-8;-8;-8;-8;-8;-8;-8;6;2;2;-8;-9;41
502;First Two Sicilies;4;300;Austria;1;1;3;-9;1821;3;23;1821;-8;-8;-8;-8;-8;-8;-8;2;2;1;-8;-9;41
502;First Two Sicilies;4;-8;Liberals;2;1;7;2;1820;3;23;1821;-8;-8;-8;-8;-8;-8;-8;2;2;1;-8;-9;41
502;First Two Sicilies;4;329;Two Sicilies;1;1;7;2;1820;3;23;1821;-8;-8;-8;-8;-8;-8;-8;2;2;1;-8;-9;41
503;Spanish Royalists;4;-8;Royalists;2;0;12;1;1821;4;6;1823;-8;-8;-8;-8;-8;-8;-8;2;2;4;1;-9;41
503;Spanish Royalists;4;230;Spain;1;0;12;1;1821;4;6;1823;-8;-8;-8;-8;-8;-8;-8;2;2;4;1;-9;41
505;Sardinian Revolt;4;300;Austria;1;1;3;10;1821;5;8;1821;-8;-8;-8;-8;-8;-8;-8;2;2;1;-8;-9;41
505;Sardinian Revolt;4;325;Sardinia;2;1;3;10;1821;5;8;1821;-8;-8;-8;-8;-8;-8;-8;2;2;1;-8;-9;41
505;Sardinian Revolt;4;-8;Sardinia;1;1;3;10;1821;5;8;1821;-8;-8;-8;-8;-8;-8;-8;2;2;1;-8;-9;41
506;Greek Independence;5;-8;Greeks;2;1;3;25;1821;4;25;1828;-8;-8;-8;-8;-8;-8;-8;2;2;4;4;3000;41
506;Greek Independence;5;640;Ottoman Empire;1;1;3;25;1821;4;25;1828;-8;-8;-8;-8;-8;-8;-8;2;2;4;4;6000;41
506;Greek Independence;5;200;United Kingdom;2;1;10;20;1827;10;27;1827;-8;-8;-8;-8;-8;-8;-8;2;2;4;4;80;41
506;Greek Independence;5;220;France;2;1;10;20;1827;10;27;1827;-8;-8;-8;-8;-8;-8;-8;2;2;4;4;40;41
506;Greek Independence;5;365;Russia;2;1;10;20;1827;4;25;1828;-8;-8;-8;-8;-8;-8;-8;2;2;4;4;60;41
507;Egypt-Mehdi;6;-8;Mehdi army;2;0;3;20;1824;4;-9;1824;-8;-8;-8;-8;-8;-8;-8;6;2;1;-8;-9;41
507;Egypt-Mehdi;6;-8;Egypt;1;0;3;20;1824;4;-9;1824;-8;-8;-8;-8;-8;-8;-8;6;2;1;-8;-9;41
508;Janissari Revolt;4;-8;Janissaries;2;0;6;14;1826;9;30;1826;-8;-8;-8;-8;-8;-8;-8;6;2;1;-8;6000;41
508;Janissari Revolt;4;640;Ottoman Empire;1;0;6;14;1826;9;30;1826;-8;-8;-8;-8;-8;-8;-8;6;2;1;-8;300;41
510;Miguelite War;4;200;United Kingdom;2;1;7;1;1831;5;26;1834;-8;-8;-8;-8;-8;-8;-8;2;2;2;-8;100;41
510;Miguelite War;4;-8;Constitutionalists;2;1;7;11;1828;5;26;1834;-8;-8;-8;-8;-8;-8;-8;2;2;2;-8;8000;41
510;Miguelite War;4;235;Portugal;1;1;7;11;1828;5;26;1834;-8;-8;-8;-8;-8;-8;-8;2;2;2;-8;12000;41
511;First Murid War;5;-8;Ghazi Muhammad;2;0;-9;-9;1830;10;17;1832;-8;-8;-8;-8;-8;-8;-8;2;2;1;-8;500;41
511;First Murid War;5;365;Russia;1;0;-9;-9;1830;10;17;1832;-8;-8;-8;-8;-8;-8;-8;2;2;1;-8;1000;41
512;First Albanian Revolt;5;-8;Albanians;2;0;2;-9;1830;11;-9;1831;-8;-8;-8;-8;-8;-8;-8;2;2;1;-8;10;41
512;First Albanian Revolt;5;640;Ottoman Empire;1;0;2;-9;1830;11;-9;1831;-8;-8;-8;-8;-8;-8;-8;2;2;1;-8;5000;41
513;First French Insurrection;4;-8;Liberals;2;0;7;25;1830;7;29;1830;-8;-8;-8;-8;-8;-8;-8;2;2;2;-8;1800;41
513;First French Insurrection;4;220;France;1;0;7;25;1830;7;29;1830;-8;-8;-8;-8;-8;-8;-8;2;2;2;-8;400;41
515;Belgian Independence;5;-8;Belgians;2;0;8;25;1830;11;4;1830;-8;-8;-8;-8;-8;-8;-8;2;2;2;-8;600;41
515;Belgian Independence;5;210;Netherlands;1;0;8;25;1830;11;4;1830;-8;-8;-8;-8;-8;-8;-8;2;2;2;-8;500;41
516;Egyptian Taka Expedition;6;-8;Hadendowa;2;0;-9;-9;1831;-9;-9;1832;-8;-8;-8;-8;-8;-8;-8;6;2;2;-8;-9;41
516;Egyptian Taka Expedition;6;-8;Egypt;1;0;-9;-9;1831;-9;-9;1832;-8;-8;-8;-8;-8;-8;-8;6;2;2;-8;1.5;41
517;First Polish;5;-8;Poles;2;0;2;7;1831;10;18;1831;-8;-8;-8;-8;-8;-8;-8;2;2;1;-8;20000;41
517;First Polish;5;365;Russia;1;0;2;7;1831;10;18;1831;-8;-8;-8;-8;-8;-8;-8;2;2;1;-8;15000;41
518;First Syrian;5;-8;Egyptians & Bashir;2;0;10;1;1831;12;27;1832;-8;-8;-8;-8;-8;-8;-8;6;2;2;-8;4000;41
518;First Syrian;5;640;Ottoman Empire;1;0;10;1;1831;12;27;1832;-8;-8;-8;-8;-8;-8;-8;6;2;2;-8;8000;41
520;First Mexican;4;-8;Liberals;2;0;1;2;1832;12;11;1832;-8;-8;-8;-8;-8;-8;-8;1;2;2;-8;-9;41
520;First Mexican;4;70;Mexico;1;0;1;2;1832;12;11;1832;-8;-8;-8;-8;-8;-8;-8;1;2;2;-8;-9;41
521;Egypt- Palestinian Anti-Conscription Revolt;6;-8;Egypt;2;0;4;19;1834;10;-9;1834;-8;-8;-8;-8;-8;-8;-8;6;2;2;-8;500;41
521;Egypt- Palestinian Anti-Conscription Revolt;6;-8;Palestinians;1;0;4;19;1834;10;-9;1834;-8;-8;-8;-8;-8;-8;-8;6;2;2;-8;1500;41
522;First Carlist War;4;235;Portugal;1;1;10;15;1835;2;15;1836;-8;-8;-8;-8;-8;-8;-8;2;2;1;-8;50;41
522;First Carlist War;4;-8;Carlists;2;1;7;15;1834;7;15;1840;-8;-8;-8;-8;-8;-8;-8;2;2;1;-8;60000;41
522;First Carlist War;4;230;Spain;1;1;7;15;1834;7;15;1840;-8;-8;-8;-8;-8;-8;-8;2;2;1;-8;65000;41
522;First Carlist War;4;220;France;1;1;10;31;1835;1;17;1839;-8;-8;-8;-8;-8;-8;-8;2;2;1;-8;7700;41
522;First Carlist War;4;200;United Kingdom;1;1;7;10;1835;9;1;1837;-8;-8;-8;-8;-8;-8;-8;2;2;1;-8;2500;41
523;Second Murid;5;-8;Shamil;2;0;9;26;1834;10;27;1834;-8;-8;-8;-8;-8;-8;-8;2;2;7;-8;-9;41
523;Second Murid;5;365;Russia;1;0;9;26;1834;10;27;1834;-8;-8;-8;-8;-8;-8;-8;2;2;7;-8;-9;41
525;Cabanos Revolt;5;-8;Cabanos;2;0;1;6;1835;5;-9;1837;-8;-8;-8;-8;-8;-8;-8;1;2;1;-8;-9;41
525;Cabanos Revolt;5;140;Brazil;1;0;1;6;1835;5;-9;1837;-8;-8;-8;-8;-8;-8;-8;1;2;1;-8;-9;41
526;Farroupilha War;5;-8;Farrapos;2;0;9;19;1835;3;1;1845;-8;-8;-8;-8;-8;-8;-8;1;2;1;-8;-9;41
526;Farroupilha War;5;140;Brazil;1;0;9;19;1835;3;1;1845;-8;-8;-8;-8;-8;-8;-8;1;2;1;-8;-9;41
527;Texan;5;-8;Texans;2;0;10;1;1835;4;22;1836;-8;-8;-8;-8;-8;-8;-8;1;2;2;-8;700;41
527;Texan;5;70;Mexico;1;0;10;1;1835;4;22;1836;-8;-8;-8;-8;-8;-8;-8;1;2;2;-8;1500;41
528;First Bosnian;5;-8;Bosnians;2;0;-9;-9;1836;-9;-9;1837;-8;-8;-8;-8;-8;-8;-8;2;2;1;-8;-9;41
528;First Bosnian;5;640;Ottoman Empire;1;0;-9;-9;1836;-9;-9;1837;-8;-8;-8;-8;-8;-8;-8;2;2;1;-8;-9;41
530;Third Murid;5;-8;Shamil;2;0;7;-9;1836;-9;-9;1852;-8;-8;-8;-8;-8;-8;-8;2;2;1;-8;-9;41
530;Third Murid;5;365;Russia;1;0;7;-9;1836;-9;-9;1852;-8;-8;-8;-8;-8;-8;-8;2;2;1;-8;15000;41
531;Sabinada Rebellion;5;-8;Bahian Sabinada;2;0;11;7;1837;3;13;1838;-8;-8;-8;-8;-8;-8;-8;1;2;1;-8;1200;41
531;Sabinada Rebellion;5;140;Brazil;1;0;11;7;1837;3;13;1838;-8;-8;-8;-8;-8;-8;-8;1;2;1;-8;600;41
532;Druze Rebellion;6;-8;Druze;2;0;9;27;1837;8;22;1838;-8;-8;-8;-8;-8;-8;-8;6;2;1;-8;-9;41
532;Druze Rebellion;6;-8;Egypt & Bashir;1;0;9;27;1837;8;22;1838;-8;-8;-8;-8;-8;-8;-8;6;2;1;-8;15000;41
533;Second Syrian, Phase 1;5;-8;Egypt;2;0;6;10;1839;6;24;1839;-8;-8;-8;-8;-8;-8;-8;6;2;2;-8;1000;41
533;Second Syrian, Phase 1;5;640;Ottoman Empire;1;0;6;10;1839;6;24;1839;-8;-8;-8;-8;-8;-8;-8;6;2;2;-8;2000;41
535;Lebanon Insurgency;6;-8;Amir Bashir & Egypt;2;0;5;27;1840;7;13;1840;-8;-8;-8;-8;-8;-8;-8;6;2;2;-8;1000;41
535;Lebanon Insurgency;6;-8;Lebanese Maronites;1;0;5;27;1840;7;13;1840;-8;-8;-8;-8;-8;-8;-8;6;2;2;-8;3500;41
536;First Colombian;4;-8;Progressives;2;0;7;15;1840;7;15;1842;-8;-8;-8;-8;-8;-8;-8;1;2;2;-8;-9;41
536;First Colombian;4;100;Colombia;1;0;7;15;1840;7;15;1842;-8;-8;-8;-8;-8;-8;-8;1;2;2;-8;-9;41
537;Second Syrian, Phase 2;5;200;United Kingdom;1;1;9;9;1840;11;27;1840;-8;-8;-8;-8;-8;-8;-8;6;2;1;-8;14;41
537;Second Syrian, Phase 2;5;-8;Egypt;2;1;9;9;1840;11;27;1840;-8;-8;-8;-8;-8;-8;-8;6;2;1;-8;19000;41
537;Second Syrian, Phase 2;5;640;Ottoman Empire;1;1;9;9;1840;11;27;1840;-8;-8;-8;-8;-8;-8;-8;6;2;1;-8;8000;41
538;First Argentina War, Phase 2;4;-8;Unitarios;2;0;1;1;1841;12;6;1842;-8;-8;-8;-8;-8;-8;1527;1;2;1;-8;3000;41
538;First Argentina War, Phase 2;4;160;Argentina;1;0;1;1;1841;12;6;1842;-8;-8;-8;-8;-8;-8;1527;1;2;1;-8;300;41
540;Second Bosnian;5;-8;Bosnians;2;0;-9;-9;1841;-9;-9;1841;-8;-8;-8;-8;-8;-8;-8;2;2;1;-8;-9;41
540;Second Bosnian;5;640;Ottoman Empire;1;0;-9;-9;1841;-9;-9;1841;-8;-8;-8;-8;-8;-8;-8;2;2;1;-8;-9;41
541;Triangular Revolt;4;-8;Military;2;0;9;4;1841;10;6;1841;-8;-8;-8;-8;-8;-8;-8;1;2;2;-8;-9;41
541;Triangular Revolt;4;70;Mexico;1;0;9;4;1841;10;6;1841;-8;-8;-8;-8;-8;-8;-8;1;2;2;-8;-9;41
542;Karbala Revolt;5;-8;Karbala;2;0;12;19;1842;1;13;1843;-8;-8;-8;-8;-8;-8;-8;6;2;1;-8;3000;41
542;Karbala Revolt;5;640;Ottoman Empire;1;0;12;19;1842;1;13;1843;-8;-8;-8;-8;-8;-8;-8;6;2;1;-8;1600;41
543;First Maronite-Druze;7;-8;Druze;2;0;4;30;1845;5;31;1845;-8;-8;-8;-8;-8;-8;-8;6;2;2;-8;1000;41
543;First Maronite-Druze;7;-8;Maronites;1;0;4;30;1845;5;31;1845;-8;-8;-8;-8;-8;-8;-8;6;2;2;-8;2000;41
545;Mayan Caste War, Phase 1;6;-8;Yucutan;2;0;1;15;1847;8;16;1848;-8;-8;-8;-8;-8;-8;-8;1;2;4;553;1800;41
545;Mayan Caste War, Phase 1;6;-8;Mayans;1;0;1;15;1847;8;16;1848;-8;-8;-8;-8;-8;-8;-8;1;2;4;553;-9;41
546;Second Carlist;4;-8;Carlists;2;0;5;15;1847;5;1;1849;-8;-8;-8;-8;-8;-8;-8;2;2;1;-8;7000;41
546;Second Carlist;4;230;Spain;1;0;5;15;1847;5;1;1849;-8;-8;-8;-8;-8;-8;-8;2;2;1;-8;3000;41
547;Second Two Sicilies;4;-8;Liberals;2;0;1;12;1848;1;27;1848;5;15;1848;5;15;1849;-8;2;2;1;-8;1500;41
547;Second Two Sicilies;4;329;Two Sicilies;1;0;1;12;1848;1;27;1848;5;15;1848;5;15;1849;-8;2;2;1;-8;1500;41
548;First Venezuelan;4;-8;Paez led Conservatives ;2;0;2;4;1848;8;15;1849;-8;-8;-8;-8;-8;-8;-8;1;2;1;-8;1500;41
548;First Venezuelan;4;101;Venezuela;1;0;2;4;1848;8;15;1849;-8;-8;-8;-8;-8;-8;-8;1;2;1;-8;1500;41
550;Viennese Revolt;4;-8;Viennese;2;0;3;13;1848;10;31;1848;-8;-8;-8;-8;-8;-8;-8;2;2;1;-8;3000;41
550;Viennese Revolt;4;300;Austria;1;0;3;13;1848;10;31;1848;-8;-8;-8;-8;-8;-8;-8;2;2;1;-8;249;41
551;Milan Five Day Revolt;5;-8;Milan;2;0;3;18;1848;3;23;1848;-8;-8;-8;-8;-8;-8;-8;2;2;4;10;430;41
551;Milan Five Day Revolt;5;300;Austria;1;0;3;18;1848;3;23;1848;-8;-8;-8;-8;-8;-8;-8;2;2;4;10;600;41
552;Second French Insurrection;4;-8;Radicals;2;0;6;23;1848;6;26;1848;-8;-8;-8;-8;-8;-8;-8;2;2;1;-8;1600;41
552;Second French Insurrection;4;220;France;1;0;6;23;1848;6;26;1848;-8;-8;-8;-8;-8;-8;-8;2;2;1;-8;1200;41
553;Mayan Caste War, Phase 2;5;-8;Yucatan Maya;2;0;8;17;1848;3;4;1855;-8;-8;-8;-8;-8;-8;545;1;2;1;-8;-9;41
553;Mayan Caste War, Phase 2;5;70;Mexico;1;0;8;17;1848;3;4;1855;-8;-8;-8;-8;-8;-8;545;1;2;1;-8;-9;41
554;Hungarian;5;-8;Hungary;2;1;9;9;1848;8;13;1849;-8;-8;-8;-8;-8;-8;-8;2;2;1;-8;20000;41
554;Hungarian;5;300;Austria;1;1;9;9;1848;8;13;1849;-8;-8;-8;-8;-8;-8;-8;2;2;1;-8;46000;41
554;Hungarian;5;365;Russia;1;1;7;16;1849;8;13;1849;-8;-8;-8;-8;-8;-8;-8;2;2;1;-8;14500;41
555;First Chilean;4;-8;Liberals;2;0;9;5;1851;12;15;1851;-8;-8;-8;-8;-8;-8;-8;1;2;1;-8;2500;41
555;First Chilean;4;155;Chile;1;0;9;5;1851;12;15;1851;-8;-8;-8;-8;-8;-8;-8;1;2;1;-8;1500;41
556;First Turco-Montenegrin;5;-8;Montenegro & Hercegovina;2;0;12;2;1852;3;13;1853;-8;-8;-8;-8;-8;-8;-8;2;2;2;-8;-9;41
556;First Turco-Montenegrin;5;640;Ottoman Empire;1;0;12;2;1852;3;13;1853;-8;-8;-8;-8;-8;-8;-8;2;2;2;-8;-9;41
557;First Peru;4;-8;Liberals;2;0;12;21;1853;1;7;1855;-8;-8;-8;-8;-8;-8;-8;1;2;2;-8;-9;41
557;First Peru;4;135;Peru;1;0;12;21;1853;1;7;1855;-8;-8;-8;-8;-8;-8;-8;1;2;2;-8;-9;41
558;Puebla War;4;-8;Puebla;2;0;12;11;1855;3;21;1856;-8;-8;-8;-8;-8;-8;-8;1;2;1;-8;3000;41
558;Puebla War;4;70;Mexico;1;0;12;11;1855;3;21;1856;-8;-8;-8;-8;-8;-8;-8;1;2;1;-8;600;41
560;Second Peru;4;-8;Conservatives;2;0;10;31;1856;3;7;1858;-8;-8;-8;-8;-8;-8;-8;1;2;1;-8;-9;41
560;Second Peru;4;135;Peru;1;0;10;31;1856;3;7;1858;-8;-8;-8;-8;-8;-8;-8;1;2;1;-8;-9;41
561;Mexican Reform;4;-8;Liberals;2;0;2;15;1858;1;1;1861;-8;-8;-8;-8;-8;-8;-8;1;2;4;-8;-9;41
561;Mexican Reform;4;70;Mexico;1;0;2;15;1858;1;1;1861;-8;-8;-8;-8;-8;-8;-8;1;2;4;-8;-9;41
562;Second Turco-Montenegrin;5;-8;Montenegrins;2;0;5;4;1858;6;1;1859;-8;-8;-8;-8;-8;-8;-8;2;2;2;-8;1400;41
562;Second Turco-Montenegrin;5;640;Ottoman Empire;1;0;5;4;1858;6;1;1859;-8;-8;-8;-8;-8;-8;-8;2;2;2;-8;3000;41
563;Second Venezuelan/Federalist;4;-8;Liberals;2;0;2;1;1859;5;23;1863;-8;-8;-8;-8;-8;-8;-8;1;2;2;-8;5000;41
563;Second Venezuelan/Federalist;4;101;Venezuela;1;0;2;1;1859;5;23;1863;-8;-8;-8;-8;-8;-8;-8;1;2;2;-8;15000;41
565;Second Colombian;4;-8;Liberals;2;0;5;15;1860;7;18;1861;-8;-8;-8;-8;-8;-8;-8;1;2;2;-8;-9;41
565;Second Colombian;4;100;Colombia;1;0;5;15;1860;7;18;1861;-8;-8;-8;-8;-8;-8;-8;1;2;2;-8;-9;41
566;Second Maronite-Druze;7;-8;Maronites;2;0;5;26;1860;7;12;1860;-8;-8;-8;-8;-8;-8;-8;6;2;2;-8;1500;41
566;Second Maronite-Druze;7;-8;Maronites;1;0;5;26;1860;7;12;1860;-8;-8;-8;-8;-8;-8;-8;6;2;2;-8;8000;41
567;Taiping Rebellion, Phase 2;4;-8;Taipings;2;1;10;25;1860;2;9;1866;-8;-8;-8;-8;-8;-8;1534;7;2;1;-8;85000;41
567;Taiping Rebellion, Phase 2;4;710;China;1;1;10;25;1860;2;9;1866;-8;-8;-8;-8;-8;-8;1534;7;2;1;-8;26000;41
567;Taiping Rebellion, Phase 2;4;200;United Kingdom;1;1;3;1;1862;8;1;1862;-8;-8;-8;-8;-8;-8;1534;7;2;1;-8;25;41
568;Second Nien Revolt;5;-8;Niens;2;0;10;25;1860;8;16;1868;-8;-8;-8;-8;-8;-8;;7;2;1;-8;-9;41
568;Second Nien Revolt;5;710;China;1;0;10;25;1860;8;16;1868;-8;-8;-8;-8;-8;-8;;7;2;1;-8;-9;41
570;Miao Revolt Phase 2;5;-8;Miaos;2;0;10;25;1860;5;1;1872;-8;-8;-8;-8;-8;-8;1537;7;2;1;-8;-9;41
570;Miao Revolt Phase 2;5;710;China;1;0;10;25;1860;5;1;1872;-8;-8;-8;-8;-8;-8;1537;7;2;1;-8;-9;41
571;Panthay Rebellion Phase 2;5;-8;Muslims (Hui);2;0;10;25;1860;12;26;1872;-8;-8;-8;-8;-8;-8;1542;7;2;1;-8;-9;41
571;Panthay Rebellion Phase 2;5;710;China;1;0;10;25;1860;12;26;1872;-8;-8;-8;-8;-8;-8;1542;7;2;1;-8;-9;41
572;U.S. Civil War;5;-8;Confederacy;2;0;4;10;1861;4;9;1865;-8;-8;-8;-8;-8;-8;-8;1;2;1;-8;258000;41
572;U.S. Civil War;5;2;United States of America;1;0;4;10;1861;4;9;1865;-8;-8;-8;-8;-8;-8;-8;1;2;1;-8;360000;41
573;Third Buenos Aires;5;-8;Buenos Aires;2;0;8;20;1861;12;2;1861;-8;-8;-8;-8;-8;-8;-8;1;2;2;-8;500;41
573;Third Buenos Aires;5;160;Argentina;1;0;8;20;1861;12;2;1861;-8;-8;-8;-8;-8;-8;-8;1;2;2;-8;500;41
575;Third Turco-Montenegrin;5;-8;Montenegro;2;0;12;-9;1861;8;31;1862;-8;-8;-8;-8;-8;-8;-8;2;2;3;-8;-9;41
575;Third Turco-Montenegrin;5;640;Turkey;1;0;12;-9;1861;8;31;1862;-8;-8;-8;-8;-8;-8;-8;2;2;3;-8;-9;41
576;Tungan Rebellion;5;-8;Muslims  in Sinkiang;2;0;5;-9;1862;10;24;1873;-8;-8;-8;-8;-8;-8;-8;7;2;1;-8;-9;41
576;Tungan Rebellion;5;710;China;1;0;5;-9;1862;10;24;1873;-8;-8;-8;-8;-8;-8;-8;7;2;1;-8;-9;41
577;Sioux-Minnesota;6;-8;Settlers & militia;2;0;8;17;1862;9;26;1862;-8;-8;-8;-8;-8;-8;-8;1;2;2;-8;851;41
577;Sioux-Minnesota;6;-8;Santee Sioux;1;0;8;17;1862;9;26;1862;-8;-8;-8;-8;-8;-8;-8;1;2;2;-8;217;41
578;Bolivan Perez Rebellion;4;-8;Gregorio Perez's followers;2;0;9;15;1862;9;15;1862;-8;-8;-8;-8;-8;-8;-8;1;2;1;-8;-9;41
578;Bolivan Perez Rebellion;4;145;Boliva;1;0;9;15;1862;9;15;1862;-8;-8;-8;-8;-8;-8;-8;1;2;1;-8;-9;41
580;Second Polish;5;-8;Poles;2;0;1;22;1863;4;19;1864;-8;-8;-8;-8;-8;-8;-8;2;2;1;-8;6500;41
580;Second Polish;5;365;Russia;1;0;1;22;1863;4;19;1864;-8;-8;-8;-8;-8;-8;-8;2;2;1;-8;10000;41
581;Second Argentina;4;-8;Montoneros;2;0;4;2;1863;11;12;1863;-8;-8;-8;-8;-8;-8;-8;1;2;1;-8;-9;41
581;Second Argentina;4;160;Argentina;1;0;4;2;1863;11;12;1863;-8;-8;-8;-8;-8;-8;-8;1;2;1;-8;-9;41
582;Xinjiang Muslim Revolt;5;365;Russia;1;1;6;24;1871;7;3;1871;-8;-8;-8;-8;-8;-8;-8;7;2;2;-8;-9;41
582;Xinjiang Muslim Revolt;5;-8;Muslims;2;1;7;-9;1864;7;3;1871;-8;-8;-8;-8;-8;-8;-8;7;2;2;-8;-9;41
582;Xinjiang Muslim Revolt;5;710;China;1;1;7;-9;1864;7;3;1871;-8;-8;-8;-8;-8;-8;-8;7;2;2;-8;-9;41
583;First  Cretan;5;-8;Cretans;2;0;5;29;1866;2;22;1867;-8;-8;-8;-8;-8;-8;-8;2;2;1;-8;-9;41
583;First  Cretan;5;640;Ottoman Empire;1;0;5;29;1866;2;22;1867;-8;-8;-8;-8;-8;-8;-8;2;2;1;-8;-9;41
585;Yellow Cliff Revolt;5;-8;Zhang Jizhong's followers;2;0;10;-9;1866;10;-91866;;-8;-8;-8;-8;-8;-8;-8;7;2;1;-8;-9;41
585;Yellow Cliff Revolt;5;710;China;1;0;10;-9;1866;10;-91866;;-8;-8;-8;-8;-8;-8;-8;7;2;1;-8;-9;41
586;Third Argentina;4;-8;Montoneros;2;0;12;15;1866;10;15;1867;-8;-8;-8;-8;-8;-8;-8;1;2;1;-8;-9;41
586;Third Argentina;4;160;Argentina;1;0;12;15;1866;10;15;1867;-8;-8;-8;-8;-8;-8;-8;1;2;1;-8;-9;41
587;Queretaro;4;-8;Liberals;2;0;2;6;1867;5;14;1867;-8;-8;-8;-8;-8;-8;40;1;2;2;-8;1000;41
587;Queretaro;4;70;Mexico;1;0;2;6;1867;5;14;1867;-8;-8;-8;-8;-8;-8;40;1;2;2;-8;1500;41
588;Meiji Restoration;4;-8;Tokugawa;2;0;1;3;1868;7;4;1868;-8;-8;-8;-8;-8;-8;-8;7;2;1;-8;-9;41
588;Meiji Restoration;4;740;Japan;1;0;1;3;1868;7;4;1868;-8;-8;-8;-8;-8;-8;-8;7;2;1;-8;-9;41
590;Third Venezuelan;4;-8;Conservatives;2;0;1;11;1868;8;14;1868;8;14;1869;1;7;1871;-8;1;2;2;-8;-9;41
590;Third Venezuelan;4;101;Venezuela;1;0;1;11;1868;8;14;1868;8;14;1869;1;7;1871;-8;1;2;2;-8;-9;41
591;Spanish Liberals;4;-8;Liberals;2;0;9;18;1868;9;29;1868;-8;-8;-8;-8;-8;-8;-8;2;2;2;-8;-9;41
591;Spanish Liberals;4;230;Spain;1;0;9;18;1868;9;29;1868;-8;-8;-8;-8;-8;-8;-8;2;2;2;-8;-9;41
592;Guerre des Cacos;4;-8;Black peasants;2;0;2;-9;1869;12;18;1869;-8;-8;-8;-8;-8;-8;-8;1;2;2;-8;-9;41
592;Guerre des Cacos;4;41;Haiti;1;0;2;-9;1869;12;18;1869;-8;-8;-8;-8;-8;-8;-8;1;2;2;-8;-9;41
593;Fourth Argentina;5;-8;Entre Rios Province;2;0;5;20;1870;3;13;1871;-8;-8;-8;-8;-8;-8;-8;1;2;1;-8;-9;41
593;Fourth Argentina;5;160;Argentina;1;0;5;20;1870;3;13;1871;-8;-8;-8;-8;-8;-8;-8;1;2;1;-8;-9;41
595;Bolivia-Criollos;4;-8;Crillos;2;0;11;24;1870;1;15;1871;-8;-8;-8;-8;-8;-8;-8;1;2;2;-8;-9;41
595;Bolivia-Criollos;4;145;Bolivia;1;0;11;24;1870;1;15;1871;-8;-8;-8;-8;-8;-8;-8;1;2;2;-8;-9;41
596;Paris Commune;4;-8;Communards;2;0;4;2;1871;5;29;1871;-8;-8;-8;-8;-8;-8;-8;2;2;1;-8;25000;41
596;Paris Commune;4;220;France;1;0;4;2;1871;5;29;1871;-8;-8;-8;-8;-8;-8;-8;2;2;1;-8;879;41
597;Third Carlist;4;-8;Carlists;2;0;4;20;1872;2;20;1876;-8;-8;-8;-8;-8;-8;-8;2;2;1;-8;43000;41
597;Third Carlist;4;230;Spain;1;0;4;20;1872;2;20;1876;-8;-8;-8;-8;-8;-8;-8;2;2;1;-8;7000;41
598;Catonalist Uprising;5;-8;Rebel cities (cantons);2;0;-9;-9;1874;1;-9;1875;-8;-8;-8;-8;-8;-8;-8;2;2;1;-8;-9;41
598;Catonalist Uprising;5;230;Spain;1;0;-9;-9;1874;1;-9;1875;-8;-8;-8;-8;-8;-8;-8;2;2;1;-8;-9;41
600;Fifth Argentina;4;-8;Mitre led Rebels;2;0;9;-9;1874;11;6;1874;-8;-8;-8;-8;-8;-8;-8;1;2;1;-8;-9;41
600;Fifth Argentina;4;160;Argentina;1;0;9;-9;1874;11;6;1874;-8;-8;-8;-8;-8;-8;-8;1;2;1;-8;-9;41
601;Bosnia & Bulgaria Revolt;5;-8;Bosnia & Bulgaria;2;0;6;30;1875;6;29;1876;-8;-8;-8;-8;-8;-8;-8;2;2;4;373;3000;41
601;Bosnia & Bulgaria Revolt;5;640;Ottoman Empire;1;0;6;30;1875;6;29;1876;-8;-8;-8;-8;-8;-8;-8;2;2;4;373;6000;41
602;Diaz Revolt;4;-8;Rebels;2;0;3;-9;1876;11;23;1876;-8;-8;-8;-8;-8;-8;-8;1;2;2;-8;-9;41
602;Diaz Revolt;4;70;Mexico;1;0;3;-9;1876;11;23;1876;-8;-8;-8;-8;-8;-8;-8;1;2;2;-8;1900;41
603;Defeat of Xinjiang Muslims;5;-8;Muslims;2;0;4;-9;1876;12;1;1877;-8;-8;-8;-8;-8;-8;-8;7;2;1;-8;-9;41
603;Defeat of Xinjiang Muslims;5;710;China;1;0;4;-9;1876;12;1;1877;-8;-8;-8;-8;-8;-8;-8;7;2;1;-8;-9;41
605;Third Colombian;4;-8;Conservatives;2;0;7;26;1876;7;1;1877;-8;-8;-8;-8;-8;-8;-8;1;2;1;-8;1770;41
605;Third Colombian;4;100;Colombia;1;0;7;26;1876;7;1;1877;-8;-8;-8;-8;-8;-8;-8;1;2;1;-8;2100;41
607;Satsuma Rebellion;5;-8;Satsumas;2;0;1;29;1877;9;24;1877;-8;-8;-8;-8;-8;-8;-8;7;2;1;-8;10000;41
607;Satsuma Rebellion;5;740;Japan;1;0;1;29;1877;9;24;1877;-8;-8;-8;-8;-8;-8;-8;7;2;1;-8;7000;41
608;Argentine Indians;5;-8;Indians;2;0;4;6;1879;7;8;1880;-8;-8;-8;-8;-8;-8;-8;1;2;1;-8;1500;41
608;Argentine Indians;5;160;Argentina;1;0;4;6;1879;7;8;1880;-8;-8;-8;-8;-8;-8;-8;1;2;1;-8;200;41
610;Fourth Buenos Aires;5;-8;Buenos Aires;2;0;6;21;1880;7;21;1880;-8;-8;-8;-8;-8;-8;-8;1;2;1;-8;800;41
610;Fourth Buenos Aires;5;160;Argentina;1;0;6;21;1880;7;21;1880;-8;-8;-8;-8;-8;-8;-8;1;2;1;-8;400;41
611;Haitian Civil War;4;-8;Liberals;2;0;3;27;1883;1;8;1884;-8;-8;-8;-8;-8;-8;-8;1;2;1;-8;100;41
611;Haitian Civil War;4;41;Haiti;1;0;3;27;1883;1;8;1884;-8;-8;-8;-8;-8;-8;-8;1;2;1;-8;8000;41
612;Fourth Colombian;4;-8;Liberals;2;0;11;15;1884;8;26;1885;-8;-8;-8;-8;-8;-8;-8;1;2;1;-8;700;41
612;Fourth Colombian;4;100;Colombia;1;0;11;15;1884;8;26;1885;-8;-8;-8;-8;-8;-8;-8;1;2;1;-8;300;41
613;Peru's National Problem;5;-8;Indians;2;0;3;2;1885;5;25;1885;-8;-8;-8;-8;-8;-8;-8;1;2;1;-8;2000;41
613;Peru's National Problem;5;135;Peru;1;0;3;2;1885;5;25;1885;-8;-8;-8;-8;-8;-8;-8;1;2;1;-8;200;41
616;First Yemen Rebellion;5;-8;Zaidi Imam;2;0;4;-9;1890;9;-9;1892;-8;-8;-8;-8;-8;-8;-8;6;2;1;-8;-9;41
616;First Yemen Rebellion;5;640;Ottoman Empire;1;0;4;-9;1890;9;-9;1892;-8;-8;-8;-8;-8;-8;-8;6;2;1;-8;-9;41
617;Second Chilean;4;-8;Congressists;2;0;1;7;1891;8;29;1891;-8;-8;-8;-8;-8;-8;-8;1;2;2;-8;700;41
617;Second Chilean;4;155;Chile;1;0;1;7;1891;8;29;1891;-8;-8;-8;-8;-8;-8;-8;1;2;2;-8;1000;41
618;Zaili-Jinden Revolt;5;-8;Zaili & Jindan Sects;2;0;11;11;1891;12;27;1891;-8;-8;-8;-8;-8;-8;-8;7;2;1;-8;10000;41
618;Zaili-Jinden Revolt;5;710;China;1;0;11;11;1891;12;27;1891;-8;-8;-8;-8;-8;-8;-8;7;2;1;-8;500;41
620;Brazil Federalists;5;-8;Rio Grande do Sul;2;0;2;2;1893;8;31;1894;-8;-8;-8;-8;-8;-8;-8;1;2;1;-8;-9;41
620;Brazil Federalists;5;140;Brazil;1;0;2;2;1893;8;31;1894;-8;-8;-8;-8;-8;-8;-8;1;2;1;-8;1500;41
621;Brazil Naval;4;-8;Naval Royalists;2;0;9;6;1893;4;16;1894;-8;-8;-8;-8;-8;-8;-8;1;2;1;-8;-9;41
621;Brazil Naval;4;140;Brazil;1;0;9;6;1893;4;16;1894;-8;-8;-8;-8;-8;-8;-8;1;2;1;-8;1000;41
623;Tonghak Rebellion;4;740;Japan;1;1;10;24;1894;11;28;1894;-8;-8;-8;-8;-8;-8;-8;7;2;1;-8;-9;41
623;Tonghak Rebellion;4;-8;Tonghak Society;2;1;2;29;1894;5;6;1894;9;14;1894;11;28;1894;-8;7;2;1;-8;-9;41
623;Tonghak Rebellion;4;730;Korea;1;1;2;29;1894;5;6;1894;9;14;1894;11;28;1894;-8;7;2;1;-8;-9;41
625;Third Peru;4;-8;Liberals;2;0;10;15;1894;3;19;1895;-8;-8;-8;-8;-8;-8;-8;1;2;2;-8;-9;41
625;Third Peru;4;135;Peru;1;0;10;15;1894;3;19;1895;-8;-8;-8;-8;-8;-8;-8;1;2;2;-8;-9;41
626;Fifth Colombian;4;-8;Liberals;2;0;1;22;1895;3;15;1895;-8;-8;-8;-8;-8;-8;-8;1;2;1;-8;800;41
626;Fifth Colombian;4;100;Colombia;1;0;1;22;1895;3;15;1895;-8;-8;-8;-8;-8;-8;-8;1;2;1;-8;400;41
627;Ecuador Liberals;4;-8;liberal caudillos;2;0;2;18;1895;9;22;1895;-8;-8;-8;-8;-8;-8;-8;1;2;2;-8;100;41
627;Ecuador Liberals;4;130;Ecuador;1;0;2;18;1895;9;22;1895;-8;-8;-8;-8;-8;-8;-8;1;2;2;-8;900;41
628;First Gansu Muslim;5;-8;Gansu Muslims;2;0;4;-9;1895;4;-9;1896;-8;-8;-8;-8;-8;-8;-8;7;2;1;-8;-9;41
628;First Gansu Muslim;5;710;China;1;0;4;-9;1895;4;-9;1896;-8;-8;-8;-8;-8;-8;-8;7;2;1;-8;-9;41
630;Druze-Turkish;5;-8;Druze;2;0;10;-9;1895;-9;-9;1896;-8;-8;-8;-8;-8;-8;-8;6;2;1;-8;-9;41
630;Druze-Turkish;5;640;Ottoman Empire;1;0;10;-9;1895;-9;-9;1896;-8;-8;-8;-8;-8;-8;-8;6;2;1;-8;-9;41
631;Second Cretan;5;-8;Cretan Muslims;2;0;3;10;1896;2;14;1897;-8;-8;-8;-8;-8;-8;-8;2;2;4;76;-9;41
631;Second Cretan;5;640;Ottoman Empire;1;0;3;10;1896;2;14;1897;-8;-8;-8;-8;-8;-8;-8;2;2;4;76;-9;41
632;Third Brazil-Canudos;5;-8;Canudos;2;0;10;1;1896;10;5;1897;-8;-8;-8;-8;-8;-8;-8;1;2;1;-8;3000;41
632;Third Brazil-Canudos;5;140;Brazil;1;0;10;1;1896;10;5;1897;-8;-8;-8;-8;-8;-8;-8;1;2;1;-8;2200;41
633;Fourth Venezuelan;4;-8;Castro Led Rebels;2;0;5;24;1899;10;22;1899;-8;-8;-8;-8;-8;-8;-8;1;2;2;-8;900;41
633;Fourth Venezuelan;4;101;Venezuela;1;0;5;24;1899;10;22;1899;-8;-8;-8;-8;-8;-8;-8;1;2;2;-8;1200;41
635;Second Yaqui War;5;-8;Yaqui Indians;2;0;7;21;1899;1;18;1900;-8;-8;-8;-8;-8;-8;-8;1;2;1;-8;1500;41
635;Second Yaqui War;5;70;Mexico;1;0;7;21;1899;1;18;1900;-8;-8;-8;-8;-8;-8;-8;1;2;1;-8;100;41
636;Sixth Colombian (War of the 1000 Days);4;-8;Liberals;2;0;10;17;1899;11;21;1902;-8;-8;-8;-8;-8;-8;-8;1;2;1;-8;53000;41
636;Sixth Colombian (War of the 1000 Days);4;100;Colombia;1;0;10;17;1899;11;21;1902;-8;-8;-8;-8;-8;-8;-8;1;2;1;-8;47000;41
638;Fifth Venezuelan;4;-8;Matos Led Rebels;2;0;12;19;1901;7;19;1903;-8;-8;-8;-8;-8;-8;-8;1;2;1;-8;3000;41
638;Fifth Venezuelan;4;101;Venezuela;1;0;12;19;1901;7;19;1903;-8;-8;-8;-8;-8;-8;-8;1;2;1;-8;1000;41
640;Ilinden;5;-8;IMRO Rebels;2;0;8;2;1903;11;2;1903;-8;-8;-8;-8;-8;-8;-8;2;2;1;-8;1000;41
640;Ilinden;5;640;Ottoman Empire;1;0;8;2;1903;11;2;1903;-8;-8;-8;-8;-8;-8;-8;2;2;1;-8;5330;41
641;First Uruguay;4;-8;Blancos;2;0;1;1;1904;9;1;1904;-8;-8;-8;-8;-8;-8;-8;1;2;1;-8;-9;41
641;First Uruguay;4;165;Uruguay;1;0;1;1;1904;9;1;1904;-8;-8;-8;-8;-8;-8;-8;1;2;1;-8;-9;41
642;Second Yemen Rebellion;5;-8;Imam Yahya's forces;2;0;11;8;1904;1;10;1906;-8;-8;-8;-8;-8;-8;-8;6;2;6;-8;-9;41
642;Second Yemen Rebellion;5;640;Ottoman Empire;1;0;11;8;1904;1;10;1906;-8;-8;-8;-8;-8;-8;-8;6;2;6;-8;30000;41
643;Bloody Sunday;4;-8;Workers/Peasants;2;0;1;22;1905;1;1;1906;-8;-8;-8;-8;-8;-8;-8;2;2;1;-8;-9;41
643;Bloody Sunday;4;365;Russia;1;0;1;22;1905;1;1;1906;-8;-8;-8;-8;-8;-8;-8;2;2;1;-8;1500;41
645;Romanian Peasant Revolt;4;-8;Peasants;2;0;3;15;1907;4;30;1907;-8;-8;-8;-8;-8;-8;-8;2;2;1;-8;-9;41
645;Romanian Peasant Revolt;4;360;Romania;1;0;3;15;1907;4;30;1907;-8;-8;-8;-8;-8;-8;-8;2;2;1;-8;2000;41
646;Overthrow of Abd el-Aziz;4;220;France;1;1;8;7;1907;6;15;1908;-8;-8;-8;-8;-8;-8;-8;6;2;2;-8;200;41
646;Overthrow of Abd el-Aziz;4;-8;Mulai el-Hafid;2;1;8;1;1907;9;1;1908;-8;-8;-8;-8;-8;-8;-8;6;2;2;-8;800;41
646;Overthrow of Abd el-Aziz;4;600;Morocco;1;1;8;1;1907;9;1;1908;-8;-8;-8;-8;-8;-8;-8;6;2;2;-8;400;41
647;Iranian Constitution War;4;365;Russia;1;1;4;30;1909;7;17;1909;-8;-8;-8;-8;-8;-8;-8;6;2;2;-8;100;41
647;Iranian Constitution War;4;-8;Constitutionalists;2;1;6;23;1908;7;17;1909;-8;-8;-8;-8;-8;-8;-8;6;2;2;-8;-9;41
647;Iranian Constitution War;4;630;Iran;1;1;6;23;1908;7;17;1909;-8;-8;-8;-8;-8;-8;-8;6;2;2;-8;-9;41
648;Young Turks Counter-coup;4;-8;Anti-government troops;2;0;4;14;1909;4;28;1909;-8;-8;-8;-8;-8;-8;-8;6;2;1;-8;-9;41
648;Young Turks Counter-coup;4;640;Ottoman Empire;1;0;4;14;1909;4;28;1909;-8;-8;-8;-8;-8;-8;-8;6;2;1;-8;-9;41
650;Second Albanian Revolt;5;-8;Albania;2;0;3;-9;1910;10;16;1912;-8;-8;-8;-8;-8;-8;-8;2;2;4;100;-9;41
650;Second Albanian Revolt;5;640;Ottoman Empire;1;0;3;-9;1910;10;16;1912;-8;-8;-8;-8;-8;-8;-8;2;2;4;100;-9;41
651;Asir-Yemen Revolt;5;-8;Yemen & Asir Imam Ibn Idris & Sayyid Muhammad;2;0;10;15;1910;10;9;1911;-8;-8;-8;-8;-8;-8;-8;6;2;6;-8;2000;41
651;Asir-Yemen Revolt;5;640;Ottoman Empire;1;0;10;15;1910;10;9;1911;-8;-8;-8;-8;-8;-8;-8;6;2;6;-8;7000;41
652;Third Mexican;4;-8;Liberals & Radicals;2;0;11;20;1910;7;15;1914;-8;-8;-8;-8;-8;-8;-8;1;2;2;-8;37500;41
652;Third Mexican;4;70;Mexico;1;0;11;20;1910;7;15;1914;-8;-8;-8;-8;-8;-8;-8;1;2;2;-8;56250;41
656;Paraguay;4;-8;Radicals;2;0;7;15;1911;5;11;1912;-8;-8;-8;-8;-8;-8;-8;1;2;2;-8;1000;41
656;Paraguay;4;150;Paraguay;1;0;7;15;1911;5;11;1912;-8;-8;-8;-8;-8;-8;-8;1;2;2;-8;4000;41
657;First Nationalist;4;-8;Nat. Rel. Alliance;2;0;10;11;1911;12;31;1911;-8;-8;-8;-8;-8;-8;-8;7;2;2;-8;200;41
657;First Nationalist;4;710;China;1;0;10;11;1911;12;31;1911;-8;-8;-8;-8;-8;-8;-8;7;2;2;-8;800;41
658;Cuban Black Uprising;5;-8;Patri do Indepentente;2;0;5;20;1912;6;27;1912;-8;-8;-8;-8;-8;-8;-8;1;2;1;-8;1000;41
658;Cuban Black Uprising;5;40;Cuba;1;0;5;20;1912;6;27;1912;-8;-8;-8;-8;-8;-8;-8;1;2;1;-8;50;41
670;Ecuadorian Civil War;5;-8;Esmeraldas province;2;0;-9;-9;1912;-9;-9;1914;-8;-8;-8;-8;-8;-8;-8;1;2;1;-8;-9;41
670;Ecuadorian Civil War;5;130;Ecuador;1;0;-9;-9;1912;-9;-9;1914;-8;-8;-8;-8;-8;-8;-8;1;2;1;-8;-9;41
671;Second Nationalist;4;-8;Republicans;2;0;7;12;1913;9;1;1913;-8;-8;-8;-8;-8;-8;-8;7;2;1;-8;-9;41
671;Second Nationalist;4;710;China;1;0;7;12;1913;9;1;1913;-8;-8;-8;-8;-8;-8;-8;7;2;1;-8;-9;41
672;China Pai Ling (White Wolf);5;-8;Pai-Lings;2;0;3;15;1914;9;15;1914;-8;-8;-8;-8;-8;-8;-8;7;2;1;-8;-9;41
672;China Pai Ling (White Wolf);5;710;China;1;0;3;15;1914;9;15;1914;-8;-8;-8;-8;-8;-8;-8;7;2;1;-8;-9;41
673;Fourth Mexican;4;2;United States;1;1;3;15;1915;2;5;1917;-8;-8;-8;-8;-8;-8;-8;1;2;1;-8;15;41
673;Fourth Mexican;4;-8;Conventionists;2;1;11;19;1914;7;28;1920;-8;-8;-8;-8;-8;-8;-8;1;2;1;-8;12500;41
673;Fourth Mexican;4;70;Mexico;1;1;11;19;1914;7;28;1920;-8;-8;-8;-8;-8;-8;-8;1;2;1;-8;18750;41
675;Southern China Revolt;5;-8;Yunnan Rebels;2;0;1;-9;1916;11;17;1918;-8;-8;-8;-8;-8;-8;-8;7;2;1;-8;-9;41
675;Southern China Revolt;5;710;China;1;0;1;-9;1916;11;17;1918;-8;-8;-8;-8;-8;-8;-8;7;2;1;-8;-9;41
676;Russia-Turkestan;5;-8;Kirghiz & Kazaks;2;0;7;4;1916;2;27;1917;-8;-8;-8;-8;-8;-8;-8;2;2;1;-8;1000;41
676;Russia-Turkestan;5;365;Russia;1;0;7;4;1916;2;27;1917;-8;-8;-8;-8;-8;-8;-8;2;2;1;-8;350;41
677;Russian Civil War;4;375;Finland;2;1;4;15;1919;4;30;1919;-8;-8;-8;-8;-8;-8;-8;2;2;1;-8;50;41
677;Russian Civil War;4;740;Japan;2;1;8;3;1918;10;15;1920;-8;-8;-8;-8;-8;-8;-8;2;2;1;-8;1500;41
677;Russian Civil War;4;-8;Anti-Bolsheviks;2;1;12;9;1917;3;18;1921;-8;-8;-8;-8;-8;-8;-8;2;2;1;-8;325000;41
677;Russian Civil War;4;365;USSR;1;1;12;9;1917;3;18;1921;-8;-8;-8;-8;-8;-8;-8;2;2;1;-8;475000;41
677;Russian Civil War;4;200;United Kingdom;2;1;6;23;1918;3;15;1920;-8;-8;-8;-8;-8;-8;-8;2;2;1;-8;350;41
677;Russian Civil War;4;2;United States of America;2;1;7;1;1918;4;20;1920;-8;-8;-8;-8;-8;-8;-8;2;2;1;-8;275;41
677;Russian Civil War;4;220;France;2;1;6;23;1918;9;30;1919;-8;-8;-8;-8;-8;-8;-8;2;2;1;-8;50;41
680;Finnish Civil War;4;255;Germany;1;1;4;3;1918;5;16;1918;-8;-8;-8;-8;-8;-8;-8;2;2;1;-8;950;41
680;Finnish Civil War;4;365;USSR;2;1;1;28;1918;5;16;1918;-8;-8;-8;-8;-8;-8;-8;2;2;1;-8;400;41
680;Finnish Civil War;4;-8;Red Guard;2;1;1;28;1918;4;30;1918;-8;-8;-8;-8;-8;-8;-8;2;2;1;-8;8500;41
680;Finnish Civil War;4;375;Finland;1;1;1;28;1918;4;30;1918;-8;-8;-8;-8;-8;-8;-8;2;2;1;-8;5300;41
681;Western Ukrainian;6;-8;Ukrainians;2;0;11;1;1918;2;13;1919;-8;-8;-8;-8;-8;-8;-8;2;2;4;109;-9;41
681;Western Ukrainian;6;-8;Ukraine Poles;1;0;11;1;1918;2;13;1919;-8;-8;-8;-8;-8;-8;-8;2;2;4;109;-9;41
682;Sparticist Rising;7;-8;German Freikorps;2;0;1;6;1919;5;1919;;-8;-8;-8;-8;-8;-8;-8;2;2;2;-8;70;41
682;Sparticist Rising;7;-8;Socialists;1;0;1;6;1919;5;1919;;-8;-8;-8;-8;-8;-8;-8;2;2;2;-8;2.1;41
683;Hungary's Red Terror;4;-8;Anti-Communists;2;0;3;25;1919;2;15;1920;-8;-8;-8;-8;-8;-8;-8;2;2;2;-8;500;41
683;Hungary's Red Terror;4;310;Hungary;1;0;3;25;1919;2;15;1920;-8;-8;-8;-8;-8;-8;-8;2;2;2;-8;1000;41
685;First Chinese Warlord;7;-8;Chihli & Fengtien;2;0;7;14;1920;7;19;1920;-8;-8;-8;-8;-8;-8;-8;7;2;2;-8;-9;41
685;First Chinese Warlord;7;-8;Anhui army;1;0;7;14;1920;7;19;1920;-8;-8;-8;-8;-8;-8;-8;7;2;2;-8;-9;41
686;Green Rebellion;5;-8;Peasants in Ta;2;0;8;-9;1920;8;-9;1921;-8;-8;-8;-8;-8;-8;-8;2;2;1;-8;5000;41
686;Green Rebellion;5;365;USSR;1;0;8;-9;1920;8;-9;1921;-8;-8;-8;-8;-8;-8;-8;2;2;1;-8;1700;41
687;Gilan Marxists;4;365;USSR;2;1;8;10;1920;11;11;1921;-8;-8;-8;-8;-8;-8;-8;6;2;1;-8;-8;41
687;Gilan Marxists;4;-8;SSRI;2;1;8;10;1920;11;11;1921;-8;-8;-8;-8;-8;-8;-8;6;2;1;-8;-9;41
687;Gilan Marxists;4;630;Iran;1;1;8;10;1920;11;11;1921;-8;-8;-8;-8;-8;-8;-8;6;2;1;-8;-9;41
688;Italian Fascist;7;-8;Leftists;2;0;10;-9;1920;10;1;1922;-8;-8;-8;-8;-8;-8;-8;2;2;1;-8;3;41
688;Italian Fascist;7;-8;Blackshirts;1;0;10;-9;1920;10;1;1922;-8;-8;-8;-8;-8;-8;-8;2;2;1;-8;300;41
690;Kronstadt Rebellion;5;-8;Sailors;2;0;3;7;1921;3;18;1921;-8;-8;-8;-8;-8;-8;-8;2;2;1;-8;600;41
690;Kronstadt Rebellion;5;365;USSR;1;0;3;7;1921;3;18;1921;-8;-8;-8;-8;-8;-8;-8;2;2;1;-8;2000;41
691;Bashmachi in Turkestan;5;-8;Basmachi/Enver Pasha;2;0;11;10;1921;7;-9;1923;-8;-8;-8;-8;-8;-8;-8;2;2;1;-8;2500;41
691;Bashmachi in Turkestan;5;365;USSR;1;0;11;10;1921;7;-9;1923;-8;-8;-8;-8;-8;-8;-8;2;2;1;-8;1000;41
692;Second Chinese Warlord;7;-8;Fengtien army;2;0;4;8;1922;5;5;1922;-8;-8;-8;-8;-8;-8;-8;7;2;1;-8;-9;41
692;Second Chinese Warlord;7;-8;Chihli army;1;0;4;8;1922;5;5;1922;-8;-8;-8;-8;-8;-8;-8;7;2;1;-8;-9;41
693;Agrarian Rising;4;-8;Agrarian League;2;0;9;23;1923;9;28;1923;-8;-8;-8;-8;-8;-8;-8;2;2;1;-8;-9;41
693;Agrarian Rising;4;355;Bulgaria;1;0;9;23;1923;9;28;1923;-8;-8;-8;-8;-8;-8;-8;2;2;1;-8;-9;41
695;De La Huerta Rebellion;4;-8;Huerta Led Rebels;2;0;12;4;1923;2;-9;1924;-8;-8;-8;-8;-8;-8;-8;1;2;1;-8;-9;41
695;De La Huerta Rebellion;4;70;Mexico;1;0;12;4;1923;2;-9;1924;-8;-8;-8;-8;-8;-8;-8;1;2;1;-8;-9;41
696;Honduran Conservative;4;-8;Conservatives;2;0;2;9;1924;3;31;1924;-8;-8;-8;-8;-8;-8;-8;1;2;2;-8;-9;41
696;Honduran Conservative;4;91;Honduras;1;0;2;9;1924;3;31;1924;-8;-8;-8;-8;-8;-8;-8;1;2;2;-8;-9;41
697;First Afghan Anti-Reform;4;-8;Khost rebels (anti-reformists);2;0;3;15;1924;1;15;1925;-8;-8;-8;-8;-8;-8;-8;7;2;1;-8;-9;41
697;First Afghan Anti-Reform;4;700;Afghanistan;1;0;3;15;1924;1;15;1925;-8;-8;-8;-8;-8;-8;-8;7;2;1;-8;-9;41
698;Third Chinese Warlord;6;-8;Chang Tso-lin army;2;0;10;15;1925;4;20;1926;-8;-8;-8;-8;-8;-8;-8;7;2;2;-8;-9;41
698;Third Chinese Warlord;6;-8;Feng Yu-Lxiang army;1;0;10;15;1925;4;20;1926;-8;-8;-8;-8;-8;-8;-8;7;2;2;-8;-9;41
700;Chinese Northern Expedition;4;-8;Guomindang;2;1;7;1;1926;6;30;1928;-8;-8;-8;-8;-8;-8;-8;7;2;2;-8;48000;41
700;Chinese Northern Expedition;4;-8;War Lord Gov't.;1;1;7;1;1926;6;30;1928;-8;-8;-8;-8;-8;-8;-8;7;2;2;-8;78000;41
700;Chinese Northern Expedition;4;740;Japan;2;1;6;1;1927;6;1;1928;-8;-8;-8;-8;-8;-8;-8;7;2;2;-8;500;41
701;Cristeros Revolt;4;-8;Cristeros;2;0;8;31;1926;6;21;1929;-8;-8;-8;-8;-8;-8;-8;1;2;3;-8;4000;41
701;Cristeros Revolt;4;70;Mexico;1;0;8;31;1926;6;21;1929;-8;-8;-8;-8;-8;-8;-8;1;2;3;-8;6000;41
702;Ethiopian Northern Resistance;5;-8;Northern Resistance;2;0;8;-9;1928;4;-9;1930;-8;-8;-8;-8;-8;-8;-8;6;2;1;-8;-9;41
702;Ethiopian Northern Resistance;5;530;Ethiopia;1;0;8;-9;1928;4;-9;1930;-8;-8;-8;-8;-8;-8;-8;6;2;1;-8;-9;41
703;Second Gansu Muslim;5;-8;Gansu Muslims;2;0;-9;-9;1928;-9;-9;1930;-8;-8;-8;-8;-8;-8;-8;7;2;1;-8;-9;41
703;Second Gansu Muslim;5;710;China;1;0;-9;-9;1928;-9;-9;1930;-8;-8;-8;-8;-8;-8;-8;7;2;1;-8;-9;41
705;Second Afghan Anti-Reform;4;-8;Habibullah (anti-reformists);2;0;11;10;1928;10;15;1929;-8;-8;-8;-8;-8;-8;-8;7;2;1;-8;7500;41
705;Second Afghan Anti-Reform;4;700;Afghanistan;1;0;11;10;1928;10;15;1929;-8;-8;-8;-8;-8;-8;-8;7;2;1;-8;7500;41
706;Intra-Guomindang;4;-8;War Lords;2;0;3;1;1929;11;4;1930;-8;-8;-8;-8;-8;-8;-8;7;2;1;-8;-9;41
706;Intra-Guomindang;4;710;China;1;0;3;1;1929;11;4;1930;-8;-8;-8;-8;-8;-8;-8;7;2;1;-8;-9;41
707;Escobar Rebellion;4;-8;Escobar Led Rebels;2;0;3;3;1929;5;4;1929;-8;-8;-8;-8;-8;-8;-8;1;2;1;-8;1600;41
707;Escobar Rebellion;4;710;Mexico;1;0;3;3;1929;5;4;1929;-8;-8;-8;-8;-8;-8;-8;1;2;1;-8;400;41
708;Ikhwan Revolt;4;-8;Ikhwan;2;0;3;30;1929;1;10;1930;-8;-8;-8;-8;-8;-8;-8;6;2;1;-8;5000;41
708;Ikhwan Revolt;4;670;Saudi Arabia;1;0;3;30;1929;1;10;1930;-8;-8;-8;-8;-8;-8;-8;6;2;1;-8;500;41
710;Chinese Civil War, Phase 1;4;-8;Communists;2;0;11;15;1930;12;31;1936;-8;-8;-8;-8;-8;-8;-8;7;2;6;-8;300000;41
710;Chinese Civil War, Phase 1;4;710;China;1;0;11;15;1930;12;31;1936;-8;-8;-8;-8;-8;-8;-8;7;2;6;-8;200000;41
711;Xinjiang Muslim Revolt;5;365;USSR;1;1;1;-9;1934;8;-9;1934;-8;-8;-8;-8;-8;-8;-8;7;2;1;-8;1000;41
711;Xinjiang Muslim Revolt;5;-8;Central Asian Rebels;2;1;2;-9;1931;7;7;1934;-8;-8;-8;-8;-8;-8;-8;7;2;1;-8;10000;41
711;Xinjiang Muslim Revolt;5;710;China;1;1;2;-9;1931;7;7;1934;-8;-8;-8;-8;-8;-8;-8;7;2;1;-8;10000;41
712;Matanza;4;-8;Leftists;2;0;1;20;1932;1;29;1932;-8;-8;-8;-8;-8;-8;-8;1;2;1;-8;2500;41
712;Matanza;4;92;El Salvador;1;0;1;20;1932;1;29;1932;-8;-8;-8;-8;-8;-8;-8;1;2;1;-8;100;41
713;Aprista Revolt;4;-8;Aprista Rebels;2;0;5;7;1932;7;17;1932;-8;-8;-8;-8;-8;-8;-8;1;2;1;-8;1000;41
713;Aprista Revolt;4;135;Peru;1;0;5;7;1932;7;17;1932;-8;-8;-8;-8;-8;-8;-8;1;2;1;-8;100;41
715;Paulista Rebellion;4;-8;Paolistas;2;0;6;9;1932;8;31;1932;-8;-8;-8;-8;-8;-8;-8;1;2;1;-8;-9;41
715;Paulista Rebellion;4;140;Brazil;1;0;6;9;1932;8;31;1932;-8;-8;-8;-8;-8;-8;-8;1;2;1;-8;-9;41
716;Fukien Revolt;4;-8;19th Route Army;2;0;1;5;1934;1;15;1934;-8;-8;-8;-8;-8;-8;-8;7;2;1;-8;-9;41
716;Fukien Revolt;4;710;China;1;0;1;5;1934;1;15;1934;-8;-8;-8;-8;-8;-8;-8;7;2;1;-8;-9;41
717;Spanish Miners;5;-8;Asturian Miners;2;0;10;4;1934;10;8;1934;-8;-8;-8;-8;-8;-8;-8;2;2;1;-8;1051;41
717;Spanish Miners;5;230;Spain;1;0;10;4;1934;10;8;1934;-8;-8;-8;-8;-8;-8;-8;2;2;1;-8;284;41
718;Spanish Civil War;4;230;Spain;1;1;7;18;1936;3;29;1939;-8;-8;-8;-8;-8;-8;-8;2;2;2;-8;286000;41
718;Spanish Civil War;4;-8;Falange;2;1;7;18;1936;3;29;1939;-8;-8;-8;-8;-8;-8;-8;2;2;2;-8;174000;41
718;Spanish Civil War;4;235;Portugal;2;1;8;1;1936;3;29;1939;-8;-8;-8;-8;-8;-8;-8;2;2;2;-8;2000;41
718;Spanish Civil War;4;255;Germany;2;1;8;27;1936;3;29;1939;-8;-8;-8;-8;-8;-8;-8;2;2;2;-8;300;41
718;Spanish Civil War;4;325;Italy;2;1;7;30;1936;3;29;1939;-8;-8;-8;-8;-8;-8;-8;2;2;2;-8;4000;41
720;Greek Civil War;4;200;United Kingdom;1;1;12;5;1944;1;11;1945;-8;-8;-8;-8;-8;-8;-8;2;2;1;-8;237;41
720;Greek Civil War;4;-8;Communists;2;1;12;3;1944;2;12;1945;2;12;1946;10;16;1949;-8;2;2;1;-8;50000;41
720;Greek Civil War;4;350;Greece;1;1;12;3;1944;2;12;1945;2;12;1946;10;16;1949;-8;2;2;1;-8;17970;41
721;Polish Ukrainians;5;-8;UPA;2;1;5;8;1945;11;18;1947;-8;-8;-8;-8;-8;-8;-8;2;2;1;-8;8700;41
721;Polish Ukrainians;5;290;Poland;1;1;5;8;1945;11;18;1947;-8;-8;-8;-8;-8;-8;-8;2;2;1;-8;11000;41
721;Polish Ukrainians;5;365;USSR;1;1;5;8;1945;11;18;1947;-8;-8;-8;-8;-8;-8;-8;2;2;1;-8;5000;41
722;Ukrainian Partisans;5;-8;UPA;2;0;5;8;1945;12;31;1947;-8;-8;-8;-8;-8;-8;-8;2;2;1;-8;-9;41
722;Ukrainian Partisans;5;365;USSR;1;0;5;8;1945;12;31;1947;-8;-8;-8;-8;-8;-8;-8;2;2;1;-8;35000;41
723;Forest Brethren;5;-8;Baltic Guerillas;2;0;5;8;1945;12;31;1951;-8;-8;-8;-8;-8;-8;-8;2;2;1;-8;17700;41
723;Forest Brethren;5;365;USSR;1;0;5;8;1945;12;31;1951;-8;-8;-8;-8;-8;-8;-8;2;2;1;-8;14700;41
725;Chinese Civil War, Phase 2;4;-8;Communists;2;0;3;15;1946;4;21;1950;-8;-8;-8;-8;-8;-8;-8;7;2;2;-8;872400;41
725;Chinese Civil War, Phase 2;4;710;China;1;0;3;15;1946;4;21;1950;-8;-8;-8;-8;-8;-8;-8;7;2;2;-8;327600;41
726;Taiwan Revolt;5;-8;Taiwanese;2;0;2;28;1947;3;21;1947;-8;-8;-8;-8;-8;-8;-8;7;2;1;-8;1000;41
726;Taiwan Revolt;5;710;China;1;0;2;28;1947;3;21;1947;-8;-8;-8;-8;-8;-8;-8;7;2;1;-8;250;41
727;Paraguay;4;-8;Leftists;2;0;3;7;1947;8;20;1947;-8;-8;-8;-8;-8;-8;-8;1;2;1;-8;-9;41
727;Paraguay;4;150;Paraguay;1;0;3;7;1947;8;20;1947;-8;-8;-8;-8;-8;-8;-8;1;2;1;-8;-9;41
728;Yemeni Imamate;4;-8;Anti-Imam Coalition;2;0;2;17;1948;3;20;1948;-8;-8;-8;-8;-8;-8;-8;6;2;1;-8;-9;41
728;Yemeni Imamate;4;678;Yemen;1;0;2;17;1948;3;20;1948;-8;-8;-8;-8;-8;-8;-8;6;2;1;-8;-9;41
730;Costa Rica;4;-8;National Union Party;2;0;3;12;1948;4;17;1948;-8;-8;-8;-8;-8;-8;-8;1;2;2;-8;500;41
730;Costa Rica;4;94;Costa Rica;1;0;3;12;1948;4;17;1948;-8;-8;-8;-8;-8;-8;-8;1;2;2;-8;1500;41
731;"Seventh Colombian ""La Violencia""";4;-8;Liberals;2;0;4;9;1948;8;7;1958;-8;-8;-8;-8;-8;-8;-8;1;2;1;-8;20000;41
731;"Seventh Colombian ""La Violencia""";4;100;Colombia;1;0;4;9;1948;8;7;1958;-8;-8;-8;-8;-8;-8;-8;1;2;1;-8;9800;41
732;First Burmese;5;-8;Karens & Communists;2;0;8;15;1948;7;31;1951;-8;-8;-8;-8;-8;-8;-8;7;2;1;-8;-9;41
732;First Burmese;5;775;Burma;1;0;8;15;1948;7;31;1951;-8;-8;-8;-8;-8;-8;-8;7;2;1;-8;-9;41
733;South Moluccas;5;-8;Moluccans;2;0;5;31;1950;11;3;1950;-8;-8;-8;-8;-8;-8;-8;7;2;1;-8;-9;41
733;South Moluccas;5;850;Indonesia;1;0;5;31;1950;11;3;1950;-8;-8;-8;-8;-8;-8;-8;7;2;1;-8;-9;41
735;Hukbalahap Rebellion;4;-8;Huks;2;0;9;1;1950;5;-9;1954;-8;-8;-8;-8;-8;-8;-8;7;2;1;-8;9700;41
735;Hukbalahap Rebellion;4;840;Philippines;1;0;9;1;1950;5;-9;1954;-8;-8;-8;-8;-8;-8;-8;7;2;1;-8;1600;41
737;Bolivia;4;-8;Leftists;2;0;4;8;1952;4;11;1952;-8;-8;-8;-8;-8;-8;-8;1;2;2;-8;-9;41
737;Bolivia;4;145;Bolivia;1;0;4;8;1952;4;11;1952;-8;-8;-8;-8;-8;-8;-8;1;2;2;-8;-9;41
738;Indonesia Darul Islam;4;-8;Darul Islam;2;0;9;20;1953;11;23;1953;-8;-8;-8;-8;-8;-8;-8;7;2;1;-8;1000;41
738;Indonesia Darul Islam;4;850;Indonesia;1;0;9;20;1953;11;23;1953;-8;-8;-8;-8;-8;-8;-8;7;2;1;-8;1700;41
740;Argentine Military;4;-8;Military;2;0;6;15;1955;9;19;1955;-8;-8;-8;-8;-8;-8;-8;1;2;2;-8;-9;41
740;Argentine Military;4;160;Argentina;1;0;6;15;1955;9;19;1955;-8;-8;-8;-8;-8;-8;-8;1;2;2;-8;-9;41
741;Tibetan Khamba Rebellion;5;-8;Khamba Tibetans;2;0;3;1;1956;4;14;1959;-8;-8;-8;-8;-8;-8;-8;7;2;1;-8;12000;41
741;Tibetan Khamba Rebellion;5;710;China;1;0;3;1;1956;4;14;1959;-8;-8;-8;-8;-8;-8;-8;7;2;1;-8;4000;41
742;Indonesian Leftists;4;-8;Leftists;2;0;12;15;1956;6;4;1962;-8;-8;-8;-8;-8;-8;-8;7;2;1;-8;23500;41
742;Indonesian Leftists;4;850;Indonesia;1;0;12;15;1956;6;4;1962;-8;-8;-8;-8;-8;-8;-8;7;2;1;-8;3700;41
743;First Lebanese;4;2;United States of America;1;1;7;16;1958;9;15;1958;-8;-8;-8;-8;-8;-8;-8;6;2;1;-8;-8;41
743;First Lebanese;4;-8;National Front;2;1;5;9;1958;9;15;1958;-8;-8;-8;-8;-8;-8;-8;6;2;1;-8;-9;41
743;First Lebanese;4;660;Lebanon;1;1;5;9;1958;9;15;1958;-8;-8;-8;-8;-8;-8;-8;6;2;1;-8;-9;41
745;Cuban Revolution;4;-8;Castroites;2;0;5;24;1958;1;2;1959;-8;-8;-8;-8;-8;-8;-8;1;2;2;-8;1000;41
745;Cuban Revolution;4;40;Cuba;1;0;5;24;1958;1;2;1959;-8;-8;-8;-8;-8;-8;-8;1;2;2;-8;2000;41
746;Second Burmese;4;-8;Karens & Communists;2;0;11;-9;1958;4;-9;1960;-8;-8;-8;-8;-8;-8;-8;7;2;7;-8;2300;41
746;Second Burmese;4;775;Burma;1;0;11;-9;1958;4;-9;1960;-8;-8;-8;-8;-8;-8;-8;7;2;7;-8;850;41
747;Iraq-Shammar;4;-8;Shammar Tribe & Pro-WesternOfficers;2;0;3;6;1959;3;10;1959;-8;-8;-8;-8;-8;-8;-8;6;2;1;-8;-9;41
747;Iraq-Shammar;4;645;Iraq;1;0;3;6;1959;3;10;1959;-8;-8;-8;-8;-8;-8;-8;6;2;1;-8;-9;41
748;Vietnam Phase 1;4;2;United States of America;1;1;1;1;1961;2;6;1965;-8;-8;-8;-8;-8;-8;-8;7;2;4;163;506;41
748;Vietnam Phase 1;4;-8;NLF;2;1;1;1;1960;2;6;1965;-8;-8;-8;-8;-8;-8;-8;7;2;4;163;76900;41
748;Vietnam Phase 1;4;817;Vietnam, Republic of;1;1;1;1;1960;2;6;1965;-8;-8;-8;-8;-8;-8;-8;7;2;4;163;23300;41
750;First DRC (Zaire);5;211;Belgium;2;1;7;11;1960;9;14;1960;-8;-8;-8;-8;-8;-8;-8;4;2;1;-8;-8;41
750;First DRC (Zaire);5;-8;Katanga & Leftists;1;1;7;4;1960;1;14;1963;-8;-8;-8;-8;-8;-8;-8;4;2;1;-8;-9;41
750;First DRC (Zaire);5;490;Zaire;1;1;7;4;1960;1;14;1963;-8;-8;-8;-8;-8;-8;-8;4;2;1;-8;-9;41
751;First Laotian;4;817;Vietnam, Democratic Rep.;2;1;5;1;1961;6;15;1962;-8;-8;-8;-8;-8;-8;-8;7;2;3;-8;-8;41
751;First Laotian;4;-8;Pathet Lao;2;1;10;15;1960;7;15;1962;-8;-8;-8;-8;-8;-8;-8;7;2;3;-8;1000;41
751;First Laotian;4;812;Laos;1;1;10;15;1960;7;15;1962;-8;-8;-8;-8;-8;-8;-8;7;2;3;-8;4000;41
752;First Iraqi Kurd;5;-8;Kurds;2;0;9;11;1961;11;22;1963;-8;-8;-8;-8;-8;-8;-8;6;2;6;-8;2000;41
752;First Iraqi Kurd;5;645;Iraq;1;0;9;11;1961;11;22;1963;-8;-8;-8;-8;-8;-8;-8;6;2;6;-8;500;41
753;Algerian Revolutionaries;4;-8;ALN;2;0;7;28;1962;1;15;1963;-8;-8;-8;-8;-8;-8;-8;6;2;2;-8;700;41
753;Algerian Revolutionaries;4;615;Algeria;1;0;7;28;1962;1;15;1963;-8;-8;-8;-8;-8;-8;-8;6;2;2;-8;800;41
755;North Yemen;4;651;Egypt/United Arab Republic;1;1;12;15;1962;10;16;1967;-8;-8;-8;-8;-8;-8;-8;6;2;1;-8;10000;41
755;North Yemen;4;-8;Royalists;2;1;11;15;1962;9;3;1969;-8;-8;-8;-8;-8;-8;-8;6;2;1;-8;-9;41
755;North Yemen;4;678;Yemen Arab Republic;1;1;11;15;1962;9;3;1969;-8;-8;-8;-8;-8;-8;-8;6;2;1;-8;-9;41
756;Second Laotian Phase 1;4;2;United States of America;1;1;5;19;1964;1;12;1968;-8;-8;-8;-8;-8;-8;-8;7;2;4;170;200;41
756;Second Laotian Phase 1;4;812;Laos;1;1;3;19;1963;1;12;1968;-8;-8;-8;-8;-8;-8;-8;7;2;4;170;11250;41
756;Second Laotian Phase 1;4;-8;Pathet Lao;2;1;3;19;1963;1;12;1968;-8;-8;-8;-8;-8;-8;-8;7;2;4;170;7250;41
756;Second Laotian Phase 1;4;817;Vietnam, Democratic Rep.;2;1;3;19;1963;1;12;1968;-8;-8;-8;-8;-8;-8;-8;7;2;4;170;2250;41
757;First Ogaden;5;520;Somalia;2;1;11;-9;1963;3;30;1964;-8;-8;-8;-8;-8;-8;-8;4;2;1;-8;-8;41
757;First Ogaden;5;-8;Ogaden;2;1;6;-9;1963;3;30;1964;-8;-8;-8;-8;-8;-8;-8;4;2;1;-8;-9;41
757;First Ogaden;5;530;Ethiopia;1;1;6;-9;1963;3;30;1964;-8;-8;-8;-8;-8;-8;-8;4;2;1;-8;-9;41
758;First South Sudan;5;-8;Anya Nya;2;0;10;1;1963;2;28;1972;-8;-8;-8;-8;-8;-8;-8;6;2;3;-8;-9;41
758;First South Sudan;5;625;Sudan;1;0;10;1;1963;2;28;1972;-8;-8;-8;-8;-8;-8;-8;6;2;3;-8;-9;41
760;Second DRC (Jeunesse);5;-8;Juenesse warriors;2;0;10;-9;1963;1;1;1965;-8;-8;-8;-8;-8;-8;-8;4;2;1;-8;-9;41
760;Second DRC (Jeunesse);5;490;Congo;1;0;10;-9;1963;1;1;1965;-8;-8;-8;-8;-8;-8;-8;4;2;1;-8;-9;41
761;First Rwanda;4;-8;Watusi;2;0;11;15;1963;2;6;1964;-8;-8;-8;-8;-8;-8;-8;4;2;1;-8;900;41
761;First Rwanda;4;517;Rwanda;1;0;11;15;1963;2;6;1964;-8;-8;-8;-8;-8;-8;-8;4;2;1;-8;100;41
762;Third DRC (Simba) Rebellion;4;211;Belgium;1;1;11;24;1964;9;14;1965;-8;-8;-8;-8;-8;-8;-8;4;2;1;-8;4;41
762;Third DRC (Simba) Rebellion;4;-8;Gbenye followers;2;1;1;1;1964;9;14;1965;-8;-8;-8;-8;-8;-8;-8;4;2;1;-8;4000;41
762;Third DRC (Simba) Rebellion;4;490;Congo;1;1;1;1;1964;9;14;1965;-8;-8;-8;-8;-8;-8;-8;4;2;1;-8;250;41
763;Zanzibar Arab-African;4;-8;Africans;2;0;1;12;1964;1;15;1964;-8;-8;-8;-8;-8;-8;-8;4;2;2;-8;-9;41
763;Zanzibar Arab-African;4;511;Zanzibar;1;0;1;12;1964;1;15;1964;-8;-8;-8;-8;-8;-8;-8;4;2;2;-8;-9;41
765;Second Iraqi Kurds;5;-8;Kurds;2;0;4;3;1965;6;21;1966;-8;-8;-8;-8;-8;-8;-8;6;2;3;-8;2500;41
765;Second Iraqi Kurds;5;645;Iraq;1;0;4;3;1965;6;21;1966;-8;-8;-8;-8;-8;-8;-8;6;2;3;-8;500;41
766;Dominican Republic;4;2;United States of America;1;1;4;29;1965;9;6;1965;-8;-8;-8;-8;-8;-8;-8;1;2;7;-8;27;41
766;Dominican Republic;4;-8;Leftists;2;1;4;25;1965;9;6;1965;-8;-8;-8;-8;-8;-8;-8;1;2;7;-8;-9;41
766;Dominican Republic;4;42;Dominican Republic;1;1;4;25;1965;9;6;1965;-8;-8;-8;-8;-8;-8;-8;1;2;7;-8;2500;41
767;First West Papua;5;-8;OPM, West Papua;2;0;7;26;1965;7;17;1969;-8;-8;-8;-8;-8;-8;-8;7;2;6;-8;-9;41
767;First West Papua;5;850;Indonesia;1;0;7;26;1965;7;17;1969;-8;-8;-8;-8;-8;-8;-8;7;2;6;-8;-9;41
768;First Uganda;5;-8;Buganda Tribe;2;0;5;23;1966;6;1;1966;-8;-8;-8;-8;-8;-8;-8;4;2;1;-8;-9;41
768;First Uganda;5;500;Uganda;1;0;5;23;1966;6;1;1966;-8;-8;-8;-8;-8;-8;-8;4;2;1;-8;-9;41
770;First Guatemala;4;1;United States;1;1;10;-9;1966;8;-9;1968;-8;-8;-8;-8;-8;-8;-8;1;2;1;-8;28;41
770;First Guatemala;4;-8;Leftists;2;1;10;-9;1966;8;-9;1968;-8;-8;-8;-8;-8;-8;-8;1;2;1;-8;800;41
770;First Guatemala;4;90;Guatemala;1;1;10;-9;1966;8;-9;1968;-8;-8;-8;-8;-8;-8;-8;1;2;1;-8;200;41
771;First Chad (FROLINAT) Rebellion;5;220;France;1;1;8;-9;1968;6;16;1971;-8;-8;-8;-8;-8;-8;-8;4;2;1;-8;50;41
771;First Chad (FROLINAT) Rebellion;5;-8;Frolinat Rebels;2;1;11;-9;1966;6;16;1971;-8;-8;-8;-8;-8;-8;-8;4;2;1;-8;3000;41
771;First Chad (FROLINAT) Rebellion;5;483;Chad;1;1;11;-9;1966;6;16;1971;-8;-8;-8;-8;-8;-8;-8;4;2;1;-8;500;41
772;Cultural Revolution Phase 1;6;-8;Regional military;2;0;1;9;1967;9;4;1967;-8;-8;-8;-8;-8;-8;-8;7;2;4;776;-9;41
772;Cultural Revolution Phase 1;6;-8;Red Guard;1;0;1;9;1967;9;4;1967;-8;-8;-8;-8;-8;-8;-8;7;2;4;776;-9;41
773;Third Burmese;5;-8;Karens & Communists;2;0;6;-9;1967;10;22;1980;-8;-8;-8;-8;-8;-8;-8;7;2;7;-8;22400;41
773;Third Burmese;5;775;Burma;1;0;6;-9;1967;10;22;1980;-8;-8;-8;-8;-8;-8;-8;7;2;7;-8;6800;41
775;Biafra;5;-8;Biafrans;2;0;7;6;1967;1;12;1970;-8;-8;-8;-8;-8;-8;-8;4;2;1;-8;-9;41
775;Biafra;5;475;Nigeria;1;0;7;6;1967;1;12;1970;-8;-8;-8;-8;-8;-8;-8;4;2;1;-8;-9;41
776;Cultural Revolution Phase 2;4;-8;Red Guard;2;0;9;5;1967;9;1;1968;-8;-8;-8;-8;-8;-8;772;7;2;1;-8;-9;41
776;Cultural Revolution Phase 2;4;710;China;1;0;9;5;1967;9;1;1968;-8;-8;-8;-8;-8;-8;772;7;2;1;-8;-9;41
777;Third Iraqi Kurds;5;-8;Kurds;2;0;1;3;1969;3;11;1970;-8;-8;-8;-8;-8;-8;-8;6;2;3;-8;3200;41
777;Third Iraqi Kurds;5;645;Iraq;1;0;1;3;1969;3;11;1970;-8;-8;-8;-8;-8;-8;-8;6;2;3;-8;800;41
778;Naxalite Rebellion;5;-8;Naxalite Marxists;2;0;2;-9;1970;11;-9;1971;-8;-8;-8;-8;-8;-8;-8;7;2;1;-8;2000;41
778;Naxalite Rebellion;5;750;India;1;0;2;-9;1970;11;-9;1971;-8;-8;-8;-8;-8;-8;-8;7;2;1;-8;100;41
780;Black September;4;652;Syria;2;1;9;20;1970;9;23;1970;-8;-8;-8;-8;-8;-8;-8;6;2;1;-8;100;41
780;Black September;4;-8;Palestinians;2;1;9;13;1970;9;24;1970;-8;-8;-8;-8;-8;-8;-8;6;2;1;-8;2690;41
780;Black September;4;663;Jordan;1;1;9;13;1970;9;24;1970;-8;-8;-8;-8;-8;-8;-8;6;2;1;-8;750;41
781;Second Guatemala;4;-8;Leftists;2;0;11;15;1970;9;15;1971;-8;-8;-8;-8;-8;-8;-8;1;2;1;-8;950;41
781;Second Guatemala;4;90;Guatemala;1;0;11;15;1970;9;15;1971;-8;-8;-8;-8;-8;-8;-8;1;2;1;-8;50;41
782;Pakistan-Bengal;5;-8;Bengalis;2;0;3;25;1971;12;2;1971;-8;-8;-8;-8;-8;-8;-8;7;2;4;178;-9;41
782;Pakistan-Bengal;5;770;Pakistan;1;0;3;25;1971;12;2;1971;-8;-8;-8;-8;-8;-8;-8;7;2;4;178;2500;41
783;First Sri Lanka-JVP;4;-8;Janatha Vimukthi- JVP;2;0;4;6;1971;5;16;1971;-8;-8;-8;-8;-8;-8;-8;7;2;1;-8;4000;41
783;First Sri Lanka-JVP;4;780;Sri Lanka;1;0;4;6;1971;5;16;1971;-8;-8;-8;-8;-8;-8;-8;7;2;1;-8;53;41
785;Khmer Rouge;4;2;United States of America;1;1;7;3;1971;8;15;1973;-8;-8;-8;-8;-8;-8;176;7;2;2;-8;375;41
785;Khmer Rouge;4;-8;Khmer Rouge;2;1;7;3;1971;4;17;1975;-8;-8;-8;-8;-8;-8;176;7;2;2;-8;40000;41
785;Khmer Rouge;4;811;Cambodia;1;1;7;3;1971;4;17;1975;-8;-8;-8;-8;-8;-8;176;7;2;2;-8;45000;41
786;First Philippine-Moro;5;-8;MNLF Moros;2;0;1;1;1972;4;19;1981;-8;-8;-8;-8;-8;-8;-8;7;2;1;-8;20000;41
786;First Philippine-Moro;5;840;Philippines;1;0;1;1;1972;4;19;1981;-8;-8;-8;-8;-8;-8;-8;7;2;1;-8;10000;41
787;Communist Insurgency;4;-8;Communists;2;0;1;-9;1972;10;15;1973;-8;-8;-8;-8;-8;-8;-8;7;2;6;-8;700;41
787;Communist Insurgency;4;800;Thailand;1;0;1;-9;1972;10;15;1973;-8;-8;-8;-8;-8;-8;-8;7;2;6;-8;1500;41
788;Eritrean Split;7;-8;EPLF;2;0;2;-9;1972;-9;-9;1974;-8;-8;-8;-8;-8;-8;-8;4;2;6;-8;-9;41
788;Eritrean Split;7;-8;ELF;1;0;2;-9;1972;-9;-9;1974;-8;-8;-8;-8;-8;-8;-8;4;2;6;-8;-9;41
789;First Burundi;4;-8;Hutu;2;0;4;29;1972;5;25;1972;-8;-8;-8;-8;-8;-8;-8;4;2;1;-8;1500;41
789;First Burundi;4;516;Burundi;1;0;4;29;1972;5;25;1972;-8;-8;-8;-8;-8;-8;-8;4;2;1;-8;500;41
790;Philippines-NPA;4;-8;NPA;2;0;10;1;1972;12;31;1992;-8;-8;-8;-8;-8;-8;-8;7;2;6;-8;22000;41
790;Philippines-NPA;4;840;Philippines;1;0;10;1;1972;12;31;1992;-8;-8;-8;-8;-8;-8;-8;7;2;6;-8;9000;41
791;Rhodesia;4;-8;Patriotic Front;2;0;12;28;1972;12;28;1979;-8;-8;-8;-8;-8;-8;-8;4;2;2;-8;10000;41
791;Rhodesia;4;552;Rhodesia;1;0;12;28;1972;12;28;1979;-8;-8;-8;-8;-8;-8;-8;4;2;2;-8;1000;41
792;Baluchi Separatists;5;-8;Baluchi Rebels;2;0;1;23;1973;7;-9;1977;-8;-8;-8;-8;-8;-8;-8;7;2;1;-8;5300;41
792;Baluchi Separatists;5;770;Pakistan;1;0;1;23;1973;7;-9;1977;-8;-8;-8;-8;-8;-8;-8;7;2;1;-8;3300;41
793;Chilean Coup of 1973;4;-8;Pinochet led military;2;0;9;11;1973;9;15;1973;-8;-8;-8;-8;-8;-8;-8;1;2;2;-8;3000;41
793;Chilean Coup of 1973;4;155;Chile;1;0;9;11;1973;9;15;1973;-8;-8;-8;-8;-8;-8;-8;1;2;2;-8;400;41
795;Dhofar Rebellion Phase 2;5;200;United Kingdom;1;1;10;-9;1973;12;11;1975;-8;-8;-8;-8;-8;-8;-8;6;2;1;-8;35;41
795;Dhofar Rebellion Phase 2;5;630;Iran;1;1;10;-9;1973;12;11;1975;-8;-8;-8;-8;-8;-8;-8;6;2;1;-8;100;41
795;Dhofar Rebellion Phase 2;5;698;Oman;1;1;10;-9;1973;12;11;1975;-8;-8;-8;-8;-8;-8;-8;6;2;1;-8;370;41
795;Dhofar Rebellion Phase 2;5;-8;PFLOAG;2;1;10;-9;1973;12;11;1975;-8;-8;-8;-8;-8;-8;-8;6;2;1;-8;2500;41
797;Fourth Iraqi Kurds;5;630;Iran;2;1;3;18;1974;3;6;1975;-8;-8;-8;-8;-8;-8;-8;6;2;1;-8;-9;41
797;Fourth Iraqi Kurds;5;-8;Kurds;2;1;3;18;1974;4;3;1975;-8;-8;-8;-8;-8;-8;-8;6;2;1;-8;13000;41
797;Fourth Iraqi Kurds;5;645;Iraq;1;1;3;18;1974;4;3;1975;-8;-8;-8;-8;-8;-8;-8;6;2;1;-8;7000;41
798;Eritrean War;5;40;Cuba;1;1;12;5;1976;12;-9;1978;-8;-8;-8;-8;-8;-8;-8;4;2;1;-8;-9;41
798;Eritrean War;5;-8;Eritrean Peo. Lib.;2;1;1;31;1975;12;-9;1978;-8;-8;-8;-8;-8;-8;-8;4;2;1;-8;6400;41
798;Eritrean War;5;530;Ethiopia;1;1;1;31;1975;12;-9;1978;-8;-8;-8;-8;-8;-8;-8;4;2;1;-8;6100;41
800;Argentine Leftists;4;-8;Montoneros, ERP;2;0;2;-9;1975;3;-9;1977;-8;-8;-8;-8;-8;-8;-8;1;2;1;-8;2600;41
800;Argentine Leftists;4;160;Argentina;1;0;2;-9;1975;3;-9;1977;-8;-8;-8;-8;-8;-8;-8;1;2;1;-8;250;41
801;Second Lebanese;7;-8;Lebanese National Movement;2;1;4;13;1975;11;15;1976;-8;-8;-8;-8;-8;-8;-8;6;2;3;-8;-9;41
801;Second Lebanese;7;660;Maronite militias;1;1;4;13;1975;11;15;1976;-8;-8;-8;-8;-8;-8;-8;6;2;3;-8;-9;41
801;Second Lebanese;7;652;Syria;1;1;5;31;1976;11;15;1976;-8;-8;-8;-8;-8;-8;-8;6;2;3;-8;500;41
802;Second West Papua;5;-8;OPR, West Papua;2;0;1;1;1976;4;14;1978;-8;-8;-8;-8;-8;-8;-8;7;2;6;-8;2000;41
802;Second West Papua;5;850;Indonesia;1;0;1;1;1976;4;14;1978;-8;-8;-8;-8;-8;-8;-8;7;2;6;-8;100;41
803;Third Laotian;5;-8;Hmong;2;1;4;-9;1976;5;-9;1979;-8;-8;-8;-8;-8;-8;-8;7;2;1;-8;5000;41
803;Third Laotian;5;812;Laos;1;1;4;-9;1976;5;-9;1979;-8;-8;-8;-8;-8;-8;-8;7;2;1;-8;1000;41
803;Third Laotian;5;816;Vietnam;1;1;1;-9;1976;5;-9;1979;-8;-8;-8;-8;-8;-8;-8;7;2;1;-8;1000;41
804;Angolan Control;4;40;Cuba;1;1;2;13;1976;5;15;1991;-8;-8;-8;-8;-8;-8;186;4;2;3;-8;5500;41
804;Angolan Control;4;540;Angola;1;1;2;13;1976;5;15;1991;-8;-8;-8;-8;-8;-8;186;4;2;3;-8;-9;41
804;Angolan Control;4;-8;UNITA;2;1;2;13;1976;5;15;1991;-8;-8;-8;-8;-8;-8;186;4;2;3;-8;-9;41
804;Angolan Control;4;560;South Africa;2;1;2;13;1976;6;-9;1989;-8;-8;-8;-8;-8;-8;186;4;2;3;-8;800;41
805;Second Ogaden Phase 1;5;40;Cuba;1;1;7;1;1976;7;22;1977;-8;-8;-8;-8;-8;-8;-8;4;2;4;187;1500;41
805;Second Ogaden Phase 1;5;520;Somalia;2;1;7;1;1976;7;22;1977;-8;-8;-8;-8;-8;-8;-8;4;2;4;187;1900;41
805;Second Ogaden Phase 1;5;-8;WSLF;2;1;7;1;1976;7;22;1977;-8;-8;-8;-8;-8;-8;-8;4;2;4;187;20000;41
805;Second Ogaden Phase 1;5;530;Ethiopia;1;1;7;1;1976;7;22;1977;-8;-8;-8;-8;-8;-8;-8;4;2;4;187;9000;41
806;East Timorese War Phase 3;5;-8;Fretilin;2;0;7;18;1976;5;26;1979;-8;-8;-8;-8;-8;-8;472;7;2;1;-8;-9;41
806;East Timorese War Phase 3;5;850;Indonesia;1;0;7;18;1976;5;26;1979;-8;-8;-8;-8;-8;-8;472;7;2;1;-8;1800;41
807;Third Lebanese;7;660;Lebanon;1;1;2;1;1978;10;4;1978;-8;-8;-8;-8;-8;-8;-8;6;2;6;-8;1500;41
807;Third Lebanese;7;-8;PLO & Shiite militia;2;1;2;1;1978;10;4;1978;-8;-8;-8;-8;-8;-8;-8;6;2;6;-8;800;41
807;Third Lebanese;7;652;Syria;2;1;2;1;1978;10;4;1978;-8;-8;-8;-8;-8;-8;-8;6;2;6;-8;800;41
807;Third Lebanese;7;666;Israel;1;1;3;14;1978;10;4;1978;-8;-8;-8;-8;-8;-8;-8;6;2;6;-8;-9;41
808;Second Ogaden Phase 3;5;40;Cuba;1;1;3;10;1978;12;3;1980;-8;-8;-8;-8;-8;-8;187;4;2;1;-8;-9;41
808;Second Ogaden Phase 3;5;530;Ethiopia;1;1;3;10;1978;12;3;1980;-8;-8;-8;-8;-8;-8;187;4;2;1;-8;2000;41
808;Second Ogaden Phase 3;5;-8;Ogaden, WSLF;2;1;3;10;1978;12;3;1980;-8;-8;-8;-8;-8;-8;187;4;2;1;-8;20000;41
808;Second Ogaden Phase 3;5;520;Somalia;2;1;11;22;1980;12;3;1980;-8;-8;-8;-8;-8;-8;187;4;2;1;-8;2000;41
809;Third Guatemala;4;-8;The Democratic Front Against Repression (FDCR);2;0;3;12;1978;4;13;1984;-8;-8;-8;-8;-8;-8;-8;1;2;1;-8;4750;41
809;Third Guatemala;4;90;Guatemala;1;0;3;12;1978;4;13;1984;-8;-8;-8;-8;-8;-8;-8;1;2;1;-8;1250;41
810;Saur Revolution;4;-8;Leftist Military;2;0;4;27;1978;4;28;1978;-8;-8;-8;-8;-8;-8;-8;7;2;2;-8;1200;41
810;Saur Revolution;4;700;Afghanistan;1;0;4;27;1978;4;28;1978;-8;-8;-8;-8;-8;-8;-8;7;2;2;-8;1800;41
811;Fourth DRC (Shaba);4;211;Belgium;1;1;5;20;1978;6;6;1978;-8;-8;-8;-8;-8;-8;-8;4;2;1;-8;-9;41
811;Fourth DRC (Shaba);4;220;France;1;1;5;18;1978;6;6;1978;-8;-8;-8;-8;-8;-8;-8;4;2;1;-8;5;41
811;Fourth DRC (Shaba);4;-8;FNLC;2;1;5;1;1978;6;6;1978;-8;-8;-8;-8;-8;-8;-8;4;2;1;-8;900;41
811;Fourth DRC (Shaba);4;-8;DRC;1;1;5;1;1978;6;6;1978;-8;-8;-8;-8;-8;-8;-8;4;2;1;-8;100;41
812;First Afghan Mujahideen Uprising;4;365;Russia;1;1;3;15;1979;2;21;1980;-8;-8;-8;-8;-8;-8;-8;7;2;4;476;2000;41
812;First Afghan Mujahideen Uprising;4;-8;Mujahideen;2;1;9;1;1978;2;21;1980;-8;-8;-8;-8;-8;-8;-8;7;2;4;476;21200;41
812;First Afghan Mujahideen Uprising;4;700;Afghanistan;1;1;9;1;1978;2;21;1980;-8;-8;-8;-8;-8;-8;-8;7;2;4;476;11800;41
813;Overthrow of the Shah;4;-8;Anti-Shah Coalition;2;0;9;3;1978;2;11;1979;-8;-8;-8;-8;-8;-8;-8;6;2;2;-8;1000;41
813;Overthrow of the Shah;4;630;Iran;1;0;9;3;1978;2;11;1979;-8;-8;-8;-8;-8;-8;-8;6;2;2;-8;100;41
815;Sandinista Rebellion;4;-8;Sandinistas;2;0;9;9;1978;7;18;1979;-8;-8;-8;-8;-8;-8;-8;1;2;2;-8;3000;41
815;Sandinista Rebellion;4;93;Nicaragua;1;0;9;9;1978;7;18;1979;-8;-8;-8;-8;-8;-8;-8;1;2;2;-8;1000;41
816;Anti-Khomeini Coalition;4;-8;Anti-Khmoneini Coalition: Fedayeen Kalq & Kurds;2;0;2;12;1979;3;-9;1984;-8;-8;-8;-8;-8;-8;-8;6;2;1;-8;-9;41
816;Anti-Khomeini Coalition;4;630;Iran;1;0;2;12;1979;3;-9;1984;-8;-8;-8;-8;-8;-8;-8;6;2;1;-8;-9;41
817;El Salvador;4;-8;Salvadorean Democratic Front;2;0;7;1;1979;2;1;1992;-8;-8;-8;-8;-8;-8;-8;1;2;3;-8;-9;41
817;El Salvador;4;92;El Salvador;1;0;7;1;1979;2;1;1992;-8;-8;-8;-8;-8;-8;-8;1;2;3;-8;-9;41
818;Mozambique;4;510;Tanzania;1;1;-9;-9;1985;10;4;1992;-8;-8;-8;-8;-8;-8;-8;4;2;1;-8;50;41
818;Mozambique;4;-8;Renamo;2;1;10;21;1979;10;4;1992;-8;-8;-8;-8;-8;-8;-8;4;2;1;-8;-9;41
818;Mozambique;4;552;Zimbabwe;1;1;-9;-9;1982;10;4;1992;-8;-8;-8;-8;-8;-8;-8;4;2;1;-8;500;41
820;Second Chad (Habre Revolt);5;220;France;2;1;8;9;1983;9;-9;1984;-8;-8;-8;-8;-8;-8;-8;4;2;2;-8;200;41
820;Second Chad (Habre Revolt);5;-8;FAN;2;1;3;22;1980;9;-9;1984;-8;-8;-8;-8;-8;-8;-8;4;2;2;-8;1500;41
820;Second Chad (Habre Revolt);5;483;Chad;1;1;3;22;1980;9;-9;1984;-8;-8;-8;-8;-8;-8;-8;4;2;2;-8;3500;41
820;Second Chad (Habre Revolt);5;620;Libya;1;1;12;-9;1980;10;-9;1981;6;-9;1983;9;-9;1984;-8;4;2;2;-8;1000;41
822;Second Uganda;5;-8;National Resistance Army;2;0;12;8;1980;3;19;1986;-8;-8;-8;-8;-8;-8;-8;4;2;2;-8;6000;41
822;Second Uganda;5;500;Uganda;1;0;12;8;1980;3;19;1986;-8;-8;-8;-8;-8;-8;-8;4;2;2;-8;40000;41
823;Nigeria-Muslim;5;-8;Muslim fundamentalists;2;0;12;18;1980;1;1;1981;-8;-8;-8;-8;-8;-8;-8;4;2;1;-8;1000;41
823;Nigeria-Muslim;5;475;Nigeria;1;0;12;18;1980;1;1;1981;-8;-8;-8;-8;-8;-8;-8;4;2;1;-8;50;41
825;Hama;4;-8;Muslim Brotherhood;2;0;11;-9;1981;2;23;1982;-8;-8;-8;-8;-8;-8;-8;6;2;1;-8;2000;41
825;Hama;4;652;Syria;1;0;11;-9;1981;2;23;1982;-8;-8;-8;-8;-8;-8;-8;6;2;1;-8;1000;41
826;Tigrean and Eritrean;5;-8;Tigray & Eritrea;2;0;1;23;1982;5;28;1991;-8;-8;-8;-8;-8;-8;-8;4;2;2;-8;65000;41
826;Tigrean and Eritrean;5;530;Ethiopia;1;0;1;23;1982;5;28;1991;-8;-8;-8;-8;-8;-8;-8;4;2;2;-8;10000;41
827;Shining Path;4;-8;Shining Path & TARM;2;0;3;4;1982;9;12;1992;-8;-8;-8;-8;-8;-8;-8;1;2;1;-8;12000;41
827;Shining Path;4;135;Peru;1;0;3;4;1982;9;12;1992;-8;-8;-8;-8;-8;-8;-8;1;2;1;-8;4000;41
828;Contra War;4;-8;Contras;2;0;3;18;1982;4;19;1990;-8;-8;-8;-8;-8;-8;-8;1;2;6;-8;25200;41
828;Contra War;4;63;Nicaragua;1;0;3;18;1982;4;19;1990;-8;-8;-8;-8;-8;-8;-8;1;2;6;-8;7000;41
831;Matabeleland;4;-8;ZAPU;2;0;1;-9;1983;12;27;1987;-8;-8;-8;-8;-8;-8;-8;4;2;1;-8;-9;41
831;Matabeleland;4;552;Zimbabwe;1;0;1;-9;1983;12;27;1987;-8;-8;-8;-8;-8;-8;-8;4;2;1;-8;-9;41
832;Fourth Burmese;5;-8;Karen & Kachin Rebels;2;0;2;1;1983;1;-9;1988;-8;-8;-8;-8;-8;-8;-8;7;2;1;-8;1200;41
832;Fourth Burmese;5;775;Burma;1;0;2;1;1983;1;-9;1988;-8;-8;-8;-8;-8;-8;-8;7;2;1;-8;2800;41
833;Fourth Lebanese Civil;4;2;United States;1;1;4;18;1983;2;29;1984;-8;-8;-8;-8;-8;-8;-8;6;2;2;-8;273;41
833;Fourth Lebanese Civil;4;220;France;1;1;4;18;1983;2;29;1984;-8;-8;-8;-8;-8;-8;-8;6;2;2;-8;95;41
833;Fourth Lebanese Civil;4;-8;Shi'ites & Druze;2;1;4;18;1983;2;29;1984;-8;-8;-8;-8;-8;-8;-8;6;2;2;-8;-9;41
833;Fourth Lebanese Civil;4;660;Lebanon;1;1;4;18;1983;2;29;1984;-8;-8;-8;-8;-8;-8;-8;6;2;2;-8;-9;41
835;First Sri Lanka Tamil;5;750;India;1;1;7;25;1987;5;24;1990;-8;-8;-8;-8;-8;-8;-8;7;2;3;-8;1155;41
835;First Sri Lanka Tamil;5;-8;Tamils;2;1;7;25;1983;2;22;2002;-8;-8;-8;-8;-8;-8;-8;7;2;3;-8;17000;41
835;First Sri Lanka Tamil;5;780;Sri Lanka;1;1;7;25;1983;2;22;2002;-8;-8;-8;-8;-8;-8;-8;7;2;3;-8;8500;41
836;Second South Sudan;4;-8;SPLA-Garang faction;2;0;11;17;1983;8;27;1991;4;15;1992;1;10;2005;-8;6;2;3;-8;-9;41
836;Second South Sudan;4;625;Sudan;1;0;11;17;1983;8;27;1991;4;15;1992;1;10;2005;-8;6;2;3;-8;-9;41
837;Indian Golden Temple;5;-8;Sikhs;2;0;6;1;1984;7;30;1984;-8;-8;-8;-8;-8;-8;-8;7;2;6;-8;1200;41
837;Indian Golden Temple;5;750;India;1;0;6;1;1984;7;30;1984;-8;-8;-8;-8;-8;-8;-8;7;2;6;-8;-9;41
838;First Turkish Kurds;5;-8;Kurds, PKK;2;0;8;14;1984;3;-9;1986;-8;-8;-8;-8;-8;-8;-8;6;2;7;-8;9000;41
838;First Turkish Kurds;5;640;Turkey;1;0;8;14;1984;3;-9;1986;-8;-8;-8;-8;-8;-8;-8;6;2;7;-8;1500;41
840;Fifth Iraqi  Kurds;5;630;Iran;2;1;1;-9;1985;7;17;1988;-8;-8;-8;-8;-8;-8;-8;6;2;1;-8;-8;41
840;Fifth Iraqi  Kurds;5;-8;Kurds;2;1;1;-9;1985;9;6;1988;-8;-8;-8;-8;-8;-8;-8;6;2;1;-8;-9;41
840;Fifth Iraqi  Kurds;5;645;Iraq;1;1;1;-9;1985;9;6;1988;-8;-8;-8;-8;-8;-8;-8;6;2;1;-8;-9;41
842;South Yemen;4;-8;Leftist Factions;2;0;1;13;1986;1;29;1986;-8;-8;-8;-8;-8;-8;-8;6;2;2;-8;8800;41
842;South Yemen;4;680;Yemen People's Republic;1;0;1;13;1986;1;29;1986;-8;-8;-8;-8;-8;-8;-8;6;2;2;-8;4200;41
843;Holy Spirit Movement;4;-8;HSMF;2;0;8;-9;1986;10;-9;1987;-8;-8;-8;-8;-8;-8;-8;4;2;1;-8;5000;41
843;Holy Spirit Movement;4;500;Uganda;1;0;8;-9;1986;10;-9;1987;-8;-8;-8;-8;-8;-8;-8;4;2;1;-8;2000;41
845;Second Sri Lanka-JVP;4;-8;JVP;2;0;7;29;1987;12;29;1989;-8;-8;-8;-8;-8;-8;-8;7;2;1;-8;-9;41
845;Second Sri Lanka-JVP;4;780;Sri Lanka;1;0;7;29;1987;12;29;1989;-8;-8;-8;-8;-8;-8;-8;7;2;1;-8;-9;41
846;Inkatha-ANC;7;-8;ANC;2;0;12;20;1987;4;26;1994;-8;-8;-8;-8;-8;-8;-8;4;2;6;-8;-9;41
846;Inkatha-ANC;7;-8;Inkatha;1;0;12;20;1987;4;26;1994;-8;-8;-8;-8;-8;-8;-8;4;2;6;-8;-9;41
847;Fifth Burmese;4;-8;Pro-democracy;2;0;3;-9;1988;10;3;1988;-8;-8;-8;-8;-8;-8;-8;7;2;1;-8;-9;41
847;Fifth Burmese;4;775;Burma;1;0;3;-9;1988;10;3;1988;-8;-8;-8;-8;-8;-8;-8;7;2;1;-8;-9;41
848;First Somalia;4;-8;rebel clans;2;0;5;26;1988;1;26;1991;-8;-8;-8;-8;-8;-8;-8;4;2;2;-8;-9;41
848;First Somalia;4;520;Somalia;1;0;5;26;1988;1;26;1991;-8;-8;-8;-8;-8;-8;-8;4;2;2;-8;-9;41
850;Fifth Lebanese;4;652;Syria;2;1;2;-9;1989;10;13;1990;-8;-8;-8;-8;-8;-8;-8;6;2;2;-8;150;41
850;Fifth Lebanese;4;-8;militias;2;1;2;-9;1989;10;13;1990;-8;-8;-8;-8;-8;-8;-8;6;2;2;-8;2500;41
850;Fifth Lebanese;4;660;Lebanon;1;1;2;-9;1989;10;13;1990;-8;-8;-8;-8;-8;-8;-8;6;2;2;-8;-9;41
851;Second Afghan Mujahideen Uprising;4;-8;Mujahadin;2;0;2;16;1989;10;6;2001;-8;-8;-8;-8;-8;-8;476;7;2;4;225;-9;41
851;Second Afghan Mujahideen Uprising;4;700;Afghanistan;1;0;2;16;1989;10;6;2001;-8;-8;-8;-8;-8;-8;476;7;2;4;225;-9;41
852;Third Chad (Deby Coup);4;-8;Deby's MPS;2;0;3;-9;1989;12;4;1990;-8;-8;-8;-8;-8;-8;-8;4;2;2;-8;800;41
852;Third Chad (Deby Coup);4;483;Chad;1;0;3;-9;1989;12;4;1990;-8;-8;-8;-8;-8;-8;-8;4;2;2;-8;3000;41
853;First Aceh;5;-8;GAM;2;0;6;-9;1989;6;-9;1991;-8;-8;-8;-8;-8;-8;-8;7;2;1;-8;-9;41
853;First Aceh;5;850;Indonesia;1;0;6;-9;1989;6;-9;1991;-8;-8;-8;-8;-8;-8;-8;7;2;1;-8;-9;41
854;Bougainville Secession;5;-8;BRA;2;0;7;14;1989;9;-9;1992;-8;-8;-8;-8;-8;-8;-8;7;2;7;-8;-9;41
854;Bougainville Secession;5;910;Papua New Guinea;1;0;7;14;1989;9;-9;1992;-8;-8;-8;-8;-8;-8;-8;7;2;7;-8;-9;41
856;Eighth Colombia;5;-8;FARC & Drug Lords;2;0;8;19;1989;-7;-7;-7;-8;-8;-8;-8;-8;-8;-8;1;2;5;-8;17.681;41
856;Eighth Colombia;5;100;Colombia;1;0;8;19;1989;-7;-7;-7;-8;-8;-8;-8;-8;-8;-8;1;2;5;-8;10.48;41
857;First Cambodian Civil War;4;-8;Khmer Rouge & KPNFL;2;0;9;26;1989;10;23;1991;-8;-8;-8;-8;-8;-8;475;7;2;3;-8;-9;41
857;First Cambodian Civil War;4;811;Cambodia;1;0;9;26;1989;10;23;1991;-8;-8;-8;-8;-8;-8;475;7;2;3;-8;-9;41
858;Romania;4;-8;Anti-Ceaucescu Rebels;2;0;12;18;1989;12;26;1989;-8;-8;-8;-8;-8;-8;-8;2;2;2;-8;700;41
858;Romania;4;360;Romania;1;0;12;18;1989;12;26;1989;-8;-8;-8;-8;-8;-8;-8;2;2;2;-8;300;41
860;First Liberia;4;-8;NPFL;2;1;12;24;1989;11;28;1990;-8;-8;-8;-8;-8;-8;-8;4;2;7;-8;-9;41
860;First Liberia;4;450;Liberia;1;1;12;24;1989;11;28;1990;-8;-8;-8;-8;-8;-8;-8;4;2;7;-8;-9;41
860;First Liberia;4;475;Nigeria;1;1;11;-9;1990;11;28;1990;-8;-8;-8;-8;-8;-8;-8;4;2;7;-8;0;41
861;Kashmir Insurgents;5;-8;Kashmiri Guerillas;2;0;9;19;1990;10;8;2005;-8;-8;-8;-8;-8;-8;-8;7;2;7;-8;21700;41
861;Kashmir Insurgents;5;750;India;1;0;9;19;1990;10;8;2005;-8;-8;-8;-8;-8;-8;-8;7;2;7;-8;6000;41
862;Shiite and Kurdish;5;-8;Shiites & Kurds;2;0;3;1;1991;3;31;1991;-8;-8;-8;-8;-8;-8;-8;6;2;1;-8;-9;41
862;Shiite and Kurdish;5;645;Iraq;1;0;3;1;1991;3;31;1991;-8;-8;-8;-8;-8;-8;-8;6;2;1;-8;-9;41
863;First Sierra Leone;4;-8;RUF;2;0;3;23;1991;4;23;1996;-8;-8;-8;-8;-8;-8;-8;4;2;1;-8;-9;41
863;First Sierra Leone;4;451;Sierra Leone;1;0;3;23;1991;4;23;1996;-8;-8;-8;-8;-8;-8;-8;4;2;1;-8;-9;41
864;Croatian Independence;5;-8;Croatia;2;0;5;2;1991;1;2;1992;-8;-8;-8;-8;-8;-8;-8;2;2;2;-8;-9;41
864;Croatian Independence;5;345;Yugoslavia;1;0;5;2;1991;1;2;1992;-8;-8;-8;-8;-8;-8;-8;2;2;2;-8;-9;41
865;Second Turkish Kurds;5;-8;Kurds, PKK;2;0;7;10;1991;2;16;1999;-8;-8;-8;-8;-8;-8;-8;6;2;6;-8;13000;41
865;Second Turkish Kurds;5;640;Turkey;1;0;7;10;1991;2;16;1999;-8;-8;-8;-8;-8;-8;-8;6;2;6;-8;3500;41
866;The SPLA Division (Dinka-Nuer) War;7;-8;Nuer faction;2;0;8;28;1991;11;-9;1992;-8;-8;-8;-8;-8;-8;-8;4;2;7;-8;-9;41
866;The SPLA Division (Dinka-Nuer) War;7;-8;Garang faction;1;0;8;28;1991;11;-9;1992;-8;-8;-8;-8;-8;-8;-8;4;2;7;-8;-9;41
868;Jukun-Tiv War;7;-8;Tiv;2;0;10;-9;1991;3;-9;1992;-8;-8;-8;-8;-8;-8;-8;4;2;6;-8;-9;41
868;Jukun-Tiv War;7;-8;Jukun;1;0;10;-9;1991;3;-9;1992;-8;-8;-8;-8;-8;-8;-8;4;2;6;-8;-9;41
870;Second Somalia;4;475;Nigeria;1;1;12;13;1992;3;1;1995;-8;-8;-8;-8;-8;-8;-8;4;2;3;-8;-9;41
870;Second Somalia;4;-8;Aideed Faction;2;1;11;-9;1991;1;-9;1997;-8;-8;-8;-8;-8;-8;-8;4;2;3;-8;-9;41
870;Second Somalia;4;520;Somalia;1;1;11;-9;1991;1;-9;1997;-8;-8;-8;-8;-8;-8;-8;4;2;3;-8;-9;41
870;Second Somalia;4;770;Pakistan;1;1;12;13;1992;3;1;1995;-8;-8;-8;-8;-8;-8;-8;4;2;3;-8;24;41
870;Second Somalia;4;900;Australia;1;1;12;13;1992;3;1;1995;-8;-8;-8;-8;-8;-8;-8;4;2;3;-8;-9;41
870;Second Somalia;4;220;France;1;1;12;13;1992;3;1;1995;-8;-8;-8;-8;-8;-8;-8;4;2;3;-8;2;41
870;Second Somalia;4;2;United States of America;1;1;12;13;1992;3;25;1994;-8;-8;-8;-8;-8;-8;-8;4;2;3;-8;44;41
870;Second Somalia;4;325;Italy;1;1;12;13;1992;3;1;1995;-8;-8;-8;-8;-8;-8;-8;4;2;3;-8;-9;41
871;Georgia;4;-8;Reform;2;0;12;26;1991;3;-9;1992;-8;-8;-8;-8;-8;-8;-8;2;2;2;-8;-9;41
871;Georgia;4;372;Georgia;1;0;12;26;1991;3;-9;1992;-8;-8;-8;-8;-8;-8;-8;2;2;2;-8;-9;41
872;Nagorno-Karabakh;5;371;Armenia;2;1;12;26;1991;2;5;1993;-8;-8;-8;-8;-8;-8;-8;2;2;4;216;1000;41
872;Nagorno-Karabakh;5;-8;Nagorno-Karabakh;2;1;12;26;1991;2;5;1993;-8;-8;-8;-8;-8;-8;-8;2;2;4;216;3000;41
872;Nagorno-Karabakh;5;373;Azerbaijan;1;1;12;26;1991;2;5;1993;-8;-8;-8;-8;-8;-8;-8;2;2;4;216;7000;41
873;Dniestrian Independence;5;-8;Dniestria;2;0;12;26;1991;7;2;1992;-8;-8;-8;-8;-8;-8;-8;2;2;3;-8;-9;41
873;Dniestrian Independence;5;359;Moldova;1;0;12;26;1991;7;2;1992;-8;-8;-8;-8;-8;-8;-8;2;2;3;-8;-9;41
875;Algerian Islamic Front;4;-8;Islamic Front;2;0;2;7;1992;6;-9;1999;-8;-8;-8;-8;-8;-8;-8;6;2;3;-8;-9;41
875;Algerian Islamic Front;4;615;Algeria;1;0;2;7;1992;6;-9;1999;-8;-8;-8;-8;-8;-8;-8;6;2;3;-8;-9;41
876;Tajikistan;4;365;Russia;1;1;3;-9;1993;6;27;1997;-8;-8;-8;-8;-8;-8;-8;7;2;3;-8;-9;41
876;Tajikistan;4;702;Tadzhikistan;1;1;5;1;1992;6;27;1997;-8;-8;-8;-8;-8;-8;-8;7;2;3;-8;-9;41
876;Tajikistan;4;-8;United Tajik Opposition;2;1;5;1;1992;6;27;1997;-8;-8;-8;-8;-8;-8;-8;7;2;3;-8;-9;41
877;Bosnian-Serb Rebellion;5;346;Bosnia;1;1;6;6;1992;12;31;1994;3;20;1995;12;14;1995;215;2;2;1;-8;27500;41
877;Bosnian-Serb Rebellion;5;-8;Bosnian Serbs;2;1;6;6;1992;12;31;1994;3;20;1995;12;14;1995;215;2;2;1;-8;18543;41
877;Bosnian-Serb Rebellion;5;2;United States;1;1;8;30;1995;9;20;1995;-8;-8;-8;-8;-8;-8;215;2;2;1;-8;0;41
877;Bosnian-Serb Rebellion;5;344;Croatia;2;1;2;23;1994;12;31;1994;3;20;1995;12;14;1995;215;2;2;1;-8;185;41
877;Bosnian-Serb Rebellion;5;344;Croatia;1;1;10;19;1992;2;22;1994;-8;-8;-8;-8;-8;-8;215;2;2;1;-8;-9;41
878;Second Liberia;4;-8;NPFL & ULIMO;2;1;10;15;1992;8;19;1995;-8;-8;-8;-8;-8;-8;-8;4;2;3;-8;-9;41
878;Second Liberia;4;450;Liberia;1;1;10;15;1992;8;19;1995;-8;-8;-8;-8;-8;-8;-8;4;2;3;-8;-9;41
878;Second Liberia;4;475;Nigeria;1;1;10;15;1992;12;31;1992;-8;-8;-8;-8;-8;-8;-8;4;2;3;-8;-9;41
880;Angolan War of the Cities;4;-8;UNITA;2;0;10;28;1992;11;15;1994;-8;-8;-8;-8;-8;-8;-8;4;2;3;-8;-9;41
880;Angolan War of the Cities;4;540;Angola;1;0;10;28;1992;11;15;1994;-8;-8;-8;-8;-8;-8;-8;4;2;3;-8;-9;41
881;Second Cambodia Civil;4;-8;Khmer Rouge;2;0;1;29;1993;7;1;1997;-8;-8;-8;-8;-8;-8;-8;7;2;1;-8;-9;41
881;Second Cambodia Civil;4;811;Cambodia;1;0;1;29;1993;7;1;1997;-8;-8;-8;-8;-8;-8;-8;7;2;1;-8;-9;41
882;Abkhazia Revolt;5;-8;Abkhazia;2;0;8;18;1993;4;14;1994;-8;-8;-8;-8;-8;-8;-8;2;2;2;-8;3000;41
882;Abkhazia Revolt;5;372;Georgia;1;0;8;18;1993;4;14;1994;-8;-8;-8;-8;-8;-8;-8;2;2;2;-8;5000;41
883;Second Burundi;4;-8;Tutsi army;2;0;10;21;1993;6;-9;1998;-8;-8;-8;-8;-8;-8;-8;4;2;7;-8;-9;41
883;Second Burundi;4;516;Burundi;1;0;10;21;1993;6;-9;1998;-8;-8;-8;-8;-8;-8;-8;4;2;7;-8;-9;41
885;South Yemeni Secessionist;5;-8;South Yemen;2;0;2;21;1994;7;7;1994;-8;-8;-8;-8;-8;-8;-8;6;2;1;-8;-9;41
885;South Yemeni Secessionist;5;679;Yemen;1;0;2;21;1994;7;7;1994;-8;-8;-8;-8;-8;-8;-8;6;2;1;-8;-9;41
886;Second Rwanda;4;-8;Patriotic Front;2;0;4;6;1994;7;18;1994;-8;-8;-8;-8;-8;-8;-8;4;2;2;-8;-9;41
886;Second Rwanda;4;517;Rwanda;1;0;4;6;1994;7;18;1994;-8;-8;-8;-8;-8;-8;-8;4;2;2;-8;-9;41
888;First Chechnya;5;-8;Chechnya;2;0;12;11;1994;8;31;1996;-8;-8;-8;-8;-8;-8;-8;2;2;2;-8;6000;41
888;First Chechnya;5;365;Russia;1;0;12;11;1994;8;31;1996;-8;-8;-8;-8;-8;-8;-8;2;2;2;-8;4000;41
890;Iraqi Kurd Internecine;7;-8;KDP;2;0;12;20;1994;8;11;1995;-8;-8;-8;-8;-8;-8;-8;6;2;6;-8;-9;41
890;Iraqi Kurd Internecine;7;-8;PUK;1;0;12;20;1994;8;11;1995;-8;-8;-8;-8;-8;-8;-8;6;2;6;-8;-9;41
891;Croatia-Krajina War;5;-8;Krajinia Serbs;2;0;5;-9;1995;11;-9;1995;-8;-8;-8;-8;-8;-8;-8;2;2;1;-8;-9;41
891;Croatia-Krajina War;5;344;Croatia;1;0;5;-9;1995;11;-9;1995;-8;-8;-8;-8;-8;-8;-8;2;2;1;-8;-9;41
892;Third Liberia;4;-8;NPFL;2;0;4;5;1996;8;20;1996;-8;-8;-8;-8;-8;-8;-8;4;2;3;-8;-9;41
892;Third Liberia;4;450;Liberia;1;0;4;5;1996;8;20;1996;-8;-8;-8;-8;-8;-8;-8;4;2;3;-8;-9;41
893;Sixth Iraqi Kurds;5;-8;PUK;2;0;8;31;1996;10;23;1996;-8;-8;-8;-8;-8;-8;-8;6;2;6;-8;-9;41
893;Sixth Iraqi Kurds;5;645;Iraq;1;0;8;31;1996;10;23;1996;-8;-8;-8;-8;-8;-8;-8;6;2;6;-8;-9;41
895;Fifth DRC;4;500;Uganda;2;1;1;1;1997;1;30;1997;-8;-8;-8;-8;-8;-8;-8;4;2;2;-8;-8;41
895;Fifth DRC;4;517;Rwanda;2;1;1;1;1997;5;17;1997;-8;-8;-8;-8;-8;-8;-8;4;2;2;-8;-8;41
895;Fifth DRC;4;540;Angola;2;1;4;28;1997;5;17;1997;-8;-8;-8;-8;-8;-8;-8;4;2;2;-8;-8;41
895;Fifth DRC;4;-8;ADFL;2;1;10;8;1996;5;17;1997;-8;-8;-8;-8;-8;-8;-8;4;2;2;-8;-9;41
895;Fifth DRC;4;-8;DRC;1;1;10;8;1996;5;17;1997;-8;-8;-8;-8;-8;-8;-8;4;2;2;-8;-9;41
896;Third Rwanda;4;-8;Hutu rebels;2;0;3;17;1997;10;30;1998;-8;-8;-8;-8;-8;-8;-8;4;2;1;-8;3000;41
896;Third Rwanda;4;517;Rwanda;1;0;3;17;1997;10;30;1998;-8;-8;-8;-8;-8;-8;-8;4;2;1;-8;300;41
897;First Congo (Brazzaville);4;540;Angola;2;1;10;10;1997;10;15;1997;-8;-8;-8;-8;-8;-8;-8;4;2;2;-8;-8;41
897;First Congo (Brazzaville);4;-8;FDU (Cobra militia);2;1;6;5;1997;10;15;1997;-8;-8;-8;-8;-8;-8;-8;4;2;2;-8;-9;41
897;First Congo (Brazzaville);4;484;Congo;1;1;6;5;1997;10;15;1997;-8;-8;-8;-8;-8;-8;-8;4;2;2;-8;-9;41
898;Second Sierra Leone;4;451;Sierra Leone;1;1;2;6;1998;7;7;1999;5;11;2000;11;10;2000;-8;4;2;2;-8;-9;41
898;Second Sierra Leone;4;-8;Kabbah faction;2;1;2;6;1998;7;7;1999;5;11;2000;11;10;2000;-8;4;2;2;-8;-9;41
898;Second Sierra Leone;4;452;Ghana;2;1;2;6;1998;7;7;1999;5;11;2000;11;10;2000;-8;4;2;2;-8;-8;41
898;Second Sierra Leone;4;475;Nigeria;2;1;2;6;1998;7;7;1999;5;11;2000;11;10;2000;-8;4;2;2;-8;-8;41
898;Second Sierra Leone;4;438;Guinea;2;1;2;6;1998;7;7;1999;5;11;2000;11;10;2000;-8;4;2;2;-8;-8;41
898;Second Sierra Leone;4;200;United Kingdom;2;1;5;8;2000;11;10;2000;-8;-8;-8;-8;-8;-8;-8;4;2;2;-8;-8;41
900;Kosovo Independence;5;-8;KLA;2;0;2;28;1998;3;23;1999;-8;-8;-8;-8;-8;-8;-8;2;2;4;221;800;41
900;Kosovo Independence;5;345;Yugoslavia;1;0;2;28;1998;3;23;1999;-8;-8;-8;-8;-8;-8;-8;2;2;4;221;400;41
902;Guinea-Bissau Military;4;438;Guinea;1;1;6;9;1998;11;1;1998;-8;-8;-8;-8;-8;-8;-8;4;2;2;-8;-9;41
902;Guinea-Bissau Military;4;-8;Man Junta;2;1;6;7;1998;5;6;1999;-8;-8;-8;-8;-8;-8;-8;4;2;2;-8;-9;41
902;Guinea-Bissau Military;4;404;Guinea-Bissau;1;1;6;7;1998;5;6;1999;-8;-8;-8;-8;-8;-8;-8;4;2;2;-8;-9;41
902;Guinea-Bissau Military;4;433;Senegal;1;1;6;9;1998;11;1;1998;-8;-8;-8;-8;-8;-8;-8;4;2;2;-8;-9;41
905;Africa's World War;4;540;Angola;1;1;8;24;1998;11;4;2002;-8;-8;-8;-8;-8;-8;-8;4;2;3;-8;-9;41
905;Africa's World War;4;625;Sudan;1;1;9;17;1998;7;22;2002;-8;-8;-8;-8;-8;-8;-8;4;2;3;-8;-9;41
905;Africa's World War;4;565;Namibia;1;1;8;28;1998;8;4;2001;-8;-8;-8;-8;-8;-8;-8;4;2;3;-8;-9;41
905;Africa's World War;4;552;Zimbabwe;1;1;8;21;1998;9;13;2002;-8;-8;-8;-8;-8;-8;-8;4;2;3;-8;-9;41
905;Africa's World War;4;517;Rwanda;2;1;8;11;1998;7;22;2002;-8;-8;-8;-8;-8;-8;-8;4;2;3;-8;-8;41
905;Africa's World War;4;516;Burundi;2;1;9;17;1998;7;22;2002;-8;-8;-8;-8;-8;-8;-8;4;2;3;-8;-8;41
905;Africa's World War;4;500;Uganda;2;1;8;26;1998;7;22;2002;-8;-8;-8;-8;-8;-8;-8;4;2;3;-8;-8;41
905;Africa's World War;4;483;Chad;1;1;9;30;1998;4;18;1999;-8;-8;-8;-8;-8;-8;-8;4;2;3;-8;-9;41
905;Africa's World War;4;-8;RCD, MLC, et al;2;1;8;2;1998;12;17;2002;-8;-8;-8;-8;-8;-8;-8;4;2;3;-8;-9;41
905;Africa's World War;4;-8;Democratic Republic of Congo;1;1;8;2;1998;12;17;2002;-8;-8;-8;-8;-8;-8;-8;4;2;3;-8;-9;41
906;Fourth Chad (Togoimi Revolt);4;-8;MDD & MDJT;2;0;10;16;1998;4;28;2000;-8;-8;-8;-8;-8;-8;-8;4;2;7;-8;-9;41
906;Fourth Chad (Togoimi Revolt);4;483;Chad;1;0;10;16;1998;4;28;2000;-8;-8;-8;-8;-8;-8;-8;4;2;7;-8;-9;41
907;Third Angolan;4;-8;UNITA;2;0;12;4;1998;2;22;2002;-8;-8;-8;-8;-8;-8;-8;4;2;1;-8;-9;41
907;Third Angolan;4;540;Angola;1;0;12;4;1998;2;22;2002;-8;-8;-8;-8;-8;-8;-8;4;2;1;-8;-9;41
908;Second Congo (Brazzaville);4;-8;Ninjas and Cocoye militias;2;0;12;15;1998;11;16;1999;-8;-8;-8;-8;-8;-8;-8;4;2;1;-8;-9;41
908;Second Congo (Brazzaville);4;484;Congo (Brazzaville);1;0;12;15;1998;11;16;1999;-8;-8;-8;-8;-8;-8;-8;4;2;1;-8;-9;41
910;Moluccas Sectarian;7;-8;FKM & RMS;2;0;1;-9;1999;8;22;2000;-8;-8;-8;-8;-8;-8;-8;7;2;7;-8;1800;41
910;Moluccas Sectarian;7;-8;Laskar Jihad;1;0;1;-9;1999;8;22;2000;-8;-8;-8;-8;-8;-8;-8;7;2;7;-8;-9;41
911;First Nigeria Christian-Muslim;7;-8;Muslim Fulani;2;0;5;-9;1999;5;31;2000;-8;-8;-8;-8;-8;-8;-8;4;2;1;-8;-9;41
911;First Nigeria Christian-Muslim;7;-8;Christian Tarok;1;0;5;-9;1999;5;31;2000;-8;-8;-8;-8;-8;-8;-8;4;2;1;-8;-9;41
912;Second Aceh;5;-8;GAM;2;0;5;3;1999;12;9;2002;-8;-8;-8;-8;-8;-8;-8;7;2;3;-8;3500;41
912;Second Aceh;5;850;Indonesia;1;0;5;3;1999;12;9;2002;-8;-8;-8;-8;-8;-8;-8;7;2;3;-8;330;41
913;Oromo Liberation;5;-8;Oromo Lib. Front;2;0;5;30;1999;8;18;1999;-8;-8;-8;-8;-8;-8;-8;4;2;1;-8;800;41
913;Oromo Liberation;5;530;Ethiopia;1;0;5;30;1999;8;18;1999;-8;-8;-8;-8;-8;-8;-8;4;2;1;-8;200;41
915;Second Chechen;5;-8;Chechnya;2;0;8;7;1999;10;3;2003;-8;-8;-8;-8;-8;-8;-8;2;2;1;-8;15000;41
915;Second Chechen;5;365;Russia;1;0;8;7;1999;10;3;2003;-8;-8;-8;-8;-8;-8;-8;2;2;1;-8;5000;41
916;Second Philippine-Moro;5;-8;MILF;2;0;4;23;2000;6;22;2001;-8;-8;-8;-8;-8;-8;-8;7;2;3;-8;-9;41
916;Second Philippine-Moro;5;840;Philippines;1;0;4;23;2000;6;22;2001;-8;-8;-8;-8;-8;-8;-8;7;2;3;-8;-9;41
917;Guinean;4;-8;RDFG;2;0;9;11;2000;4;-9;2001;-8;-8;-8;-8;-8;-8;-8;4;2;6;-8;-9;41
917;Guinean;4;438;Guinea ;1;0;9;11;2000;4;-9;2001;-8;-8;-8;-8;-8;-8;-8;4;2;6;-8;-9;41
918;Third Burundi;4;-8;FNL & FROLINA;2;0;3;21;2001;10;8;2003;-8;-8;-8;-8;-8;-8;-8;4;2;3;-8;3000;41
918;Third Burundi;4;516;Burundi;1;0;3;21;2001;10;8;2003;-8;-8;-8;-8;-8;-8;-8;4;2;3;-8;150;41
920;Fourth Rwanda;4;-8;Army for the Liberation of Rwanda;2;0;5;21;2001;9;4;2001;-8;-8;-8;-8;-8;-8;-8;4;2;1;-8;1800;41
920;Fourth Rwanda;4;517;Rwanda;1;0;5;21;2001;9;4;2001;-8;-8;-8;-8;-8;-8;-8;4;2;1;-8;-9;41
921;First Nepal Maoist Insurgency;4;-8;CPN;2;0;11;23;2001;1;29;2003;-8;-8;-8;-8;-8;-8;-8;7;2;6;-8;3100;41
921;First Nepal Maoist Insurgency;4;790;Nepal ;1;0;11;23;2001;1;29;2003;-8;-8;-8;-8;-8;-8;-8;7;2;6;-8;680;41
922;Fourth Liberian;4;-8;LURD & MODEL;2;0;2;-9;2002;8;11;2003;-8;-8;-8;-8;-8;-8;-8;4;2;2;-8;-9;41
922;Fourth Liberian;4;450;Liberia;1;0;2;-9;2002;8;11;2003;-8;-8;-8;-8;-8;-8;-8;4;2;2;-8;-9;41
923;Ethiopian Anyuaa-Nuer;7;-8;Nuer;2;0;8;-9;2002;1;-9;2003;-8;-8;-8;-8;-8;-8;-8;4;2;7;-8;-9;41
923;Ethiopian Anyuaa-Nuer;7;-8;Anyuaa;1;0;8;-9;2002;1;-9;2003;-8;-8;-8;-8;-8;-8;-8;4;2;7;-8;-9;41
925;Cote d'Ivoire Military;4;220;France;1;1;12;11;2002;11;16;2004;-8;-8;-8;-8;-8;-8;-8;4;2;2;-8;9;41
925;Cote d'Ivoire Military;4;437;Cote d'Ivoire;1;1;9;19;2002;11;16;2004;-8;-8;-8;-8;-8;-8;-8;4;2;2;-8;200;41
925;Cote d'Ivoire Military;4;-8;MPCI, MPIGO, MJP;2;1;9;19;2002;11;16;2004;-8;-8;-8;-8;-8;-8;-8;4;2;2;-8;2500;41
926;Third Philippine-Moro;5;-8;MILF & ASG;2;0;2;11;2003;7;-9;2003;-8;-8;-8;-8;-8;-8;-8;7;2;7;-8;590;41
926;Third Philippine-Moro;5;840;Phillippines;1;0;2;11;2003;7;-9;2003;-8;-8;-8;-8;-8;-8;-8;7;2;7;-8;410;41
927;Darfur;5;-8;SLA & JEM;2;0;2;26;2003;12;11;2006;-8;-8;-8;-8;-8;-8;-8;6;2;6;-8;-9;41
927;Darfur;5;625;Sudan;1;0;2;26;2003;12;11;2006;-8;-8;-8;-8;-8;-8;-8;6;2;6;-8;-9;41
930;Third Aceh;5;-8;GAM;2;0;5;18;2003;11;18;2003;-8;-8;-8;-8;-8;-8;-8;7;2;1;-8;1400;41
930;Third Aceh;5;850;Indonesia;1;0;5;18;2003;11;18;2003;-8;-8;-8;-8;-8;-8;-8;7;2;1;-8;150;41
931;Second Nepal Maoists;4;-8;CPN;2;0;8;27;2003;4;26;2006;-8;-8;-8;-8;-8;-8;-8;7;2;3;-8;5770;41
931;Second Nepal Maoists;4;790;Nepal;1;0;8;27;2003;4;26;2006;-8;-8;-8;-8;-8;-8;-8;7;2;3;-8;1260;41
932;Waziristan;5;2;United States;1;1;2;20;2004;9;5;2006;-8;-8;-8;-8;-8;-8;-8;7;2;2;-8;-9;41
932;Waziristan;5;-8;Waziri tribes;2;1;2;20;2004;9;5;2006;-8;-8;-8;-8;-8;-8;-8;7;2;2;-8;1800;41
932;Waziristan;5;770;Pakistan;1;1;2;20;2004;9;5;2006;-8;-8;-8;-8;-8;-8;-8;7;2;2;-8;1200;41
933;Second Nigeria Christian-Muslim;7;;Muslim Fulani;2;0;3;-9;2004;9;16;2004;-8;-8;-8;-8;-8;-8;-8;4;2;6;-8;-9;41
933;Second Nigeria Christian-Muslim;7;-8;Christian Tarok;1;0;3;-9;2004;9;16;2004;-8;-8;-8;-8;-8;-8;-8;4;2;6;-8;-9;41
935;First Yemeni Cleric;4;-8;Zaidi Muslims;2;0;6;21;2004;4;8;2005;-8;-8;-8;-8;-8;-8;-8;6;2;1;-8;1350;41
935;First Yemeni Cleric;4;679;Yemen;1;0;6;21;2004;4;8;2005;-8;-8;-8;-8;-8;-8;-8;6;2;1;-8;900;41
936;Philippine Joint Offensive;5;-8;MILF & NPA;2;0;1;17;2005;7;11;2006;-8;-8;-8;-8;-8;-8;-8;7;2;7;-8;2100;41
936;Philippine Joint Offensive;5;840;Phillippines;1;0;1;17;2005;7;11;2006;-8;-8;-8;-8;-8;-8;-8;7;2;7;-8;723;41
937;Fifth Chad;4;-8;FUDC;2;0;12;18;2005;12;20;2006;-8;-8;-8;-8;-8;-8;-8;4;2;1;-8;1000;41
937;Fifth Chad;4;483;Chad;1;0;12;18;2005;12;20;2006;-8;-8;-8;-8;-8;-8;-8;4;2;1;-8;100;41
938;Third Somalia;4;2;United States;1;1;1;7;2007;6;3;2007;-8;-8;-8;-8;-8;-8;-8;4;2;1;-8;-9;41
938;Third Somalia;4;-8;SCIC;2;1;3;6;2006;6;1;2008;-8;-8;-8;-8;-8;-8;-8;4;2;1;-8;-9;41
938;Third Somalia;4;520;Somalia;1;1;3;6;2006;6;1;2008;-8;-8;-8;-8;-8;-8;-8;4;2;1;-8;-9;41
938;Third Somalia;4;530;Ethiopia;1;1;10;9;2006;6;11;2008;-8;-8;-8;-8;-8;-8;-8;4;2;1;-8;-9;41
938;Third Somalia;4;531;Eritrea;2;1;10;19;2006;6;11;2008;-8;-8;-8;-8;-8;-8;-8;4;2;1;-8;-8;41
940;Second Sri Lanka Tamil;5;-8;LTTE;2;0;10;11;2006;-7;-7;-7;-8;-8;-8;-8;-8;-8;-8;7;2;5;-8;-9;41
940;Second Sri Lanka Tamil;5;780;Sri Lanka;1;0;10;11;2006;-7;-7;-7;-8;-8;-8;-8;-8;-8;-8;7;2;5;-8;-9;41
941;Second Yemeni Cleric;4;-8;Zaidi Muslims;2;0;1;29;2007;6;16;2007;-8;-8;-8;-8;-8;-8;-8;6;2;6;-8;2000;41
941;Second Yemeni Cleric;4;679;Yemen;1;0;1;29;2007;6;16;2007;-8;-8;-8;-8;-8;-8;-8;6;2;6;-8;1500;41
